temp;pwm;time(s)
25.90;19;1106.00
25.90;19;1107.00
25.80;19;1108.00
25.80;19;1109.00
25.80;19;1110.00
25.80;19;1111.00
25.90;19;1112.00
25.90;19;1113.00
25.80;19;1114.00
25.80;19;1115.00
25.90;19;1116.00
25.90;19;1117.00
25.90;19;1118.00
25.90;19;1119.00
25.80;19;1120.00
25.80;19;1121.00
25.80;19;1122.00
25.80;19;1123.00
25.80;19;1124.00
25.80;19;1125.00
25.90;19;1126.00
25.90;19;1127.00
25.80;19;1128.00
25.80;19;1129.00
25.90;19;1130.00
25.90;19;1131.00
25.90;19;1132.00
25.90;19;1133.00
25.80;19;1134.00
25.80;19;1135.00
25.90;19;1136.00
25.90;19;1137.00
25.80;19;1138.00
25.80;19;1139.00
25.80;20;1140.00
25.80;20;1141.00
25.90;20;1142.00
25.90;20;1143.00
25.80;20;1144.00
25.80;20;1145.00
25.80;20;1146.00
25.80;20;1147.00
25.80;20;1148.00
25.80;20;1149.00
25.80;20;1150.00
25.80;20;1151.00
25.80;20;1152.00
25.80;20;1153.00
25.90;20;1154.00
25.90;20;1155.00
25.90;20;1156.00
25.90;20;1157.00
25.80;20;1158.00
25.80;20;1159.00
25.80;20;1160.00
25.80;20;1161.00
25.80;20;1162.00
25.80;20;1163.00
25.80;20;1164.00
25.80;20;1165.00
25.80;20;1166.00
25.80;20;1167.00
25.80;20;1168.00
25.80;20;1169.00
25.80;20;1170.00
25.80;20;1171.00
25.80;20;1172.00
25.80;20;1173.00
25.80;20;1174.00
25.80;20;1175.00
25.80;20;1176.00
25.80;20;1177.00
25.80;20;1178.00
25.80;20;1179.00
25.80;20;1180.00
25.80;20;1181.00
25.80;20;1182.00
25.80;20;1183.00
25.80;20;1184.00
25.80;20;1185.00
25.80;20;1186.00
25.80;20;1187.00
25.80;20;1188.00
25.80;20;1189.00
25.80;20;1190.00
25.80;20;1191.00
25.80;20;1192.00
25.80;20;1193.00
25.80;20;1194.00
25.80;20;1195.00
25.80;20;1196.00
25.80;20;1197.00
25.80;20;1198.00
25.80;20;1199.00
25.80;21;1200.00
25.80;21;1201.00
25.80;21;1202.00
25.80;21;1203.00
25.80;21;1204.00
25.80;21;1205.00
25.80;21;1206.00
25.80;21;1207.00
25.80;21;1208.00
25.80;21;1209.00
25.80;21;1210.00
25.80;21;1211.00
25.80;21;1212.00
25.80;21;1213.00
25.80;21;1214.00
25.80;21;1215.00
25.80;21;1216.00
25.80;21;1217.00
25.80;21;1218.00
25.80;21;1219.00
25.80;21;1220.00
25.80;21;1221.00
25.80;21;1222.00
25.80;21;1223.00
25.80;21;1224.00
25.80;21;1225.00
25.80;21;1226.00
25.80;21;1227.00
25.80;21;1228.00
25.80;21;1229.00
25.80;21;1230.00
25.80;21;1231.00
25.90;21;1232.00
25.90;21;1233.00
25.80;21;1234.00
25.80;21;1235.00
25.80;21;1236.00
25.80;21;1237.00
25.90;21;1238.00
25.90;21;1239.00
25.80;21;1240.00
25.80;21;1241.00
25.80;21;1242.00
25.80;21;1243.00
25.80;21;1244.00
25.80;21;1245.00
25.80;21;1246.00
25.80;21;1247.00
25.80;21;1248.00
25.80;21;1249.00
25.80;21;1250.00
25.80;21;1251.00
25.80;21;1252.00
25.80;21;1253.00
25.80;21;1254.00
25.80;21;1255.00
25.80;21;1256.00
25.80;21;1257.00
25.90;21;1258.00
25.90;21;1259.00
25.80;22;1260.00
25.80;22;1261.00
25.80;22;1262.00
25.80;22;1263.00
25.80;22;1264.00
25.80;22;1265.00
25.80;22;1266.00
25.80;22;1267.00
25.80;22;1268.00
25.80;22;1269.00
25.80;22;1270.00
25.80;22;1271.00
25.80;22;1272.00
25.80;22;1273.00
25.80;22;1274.00
25.80;22;1275.00
25.80;22;1276.00
25.80;22;1277.00
25.80;22;1278.00
25.80;22;1279.00
25.80;22;1280.00
25.80;22;1281.00
25.80;22;1282.00
25.80;22;1283.00
25.80;22;1284.00
25.80;22;1285.00
25.80;22;1286.00
25.80;22;1287.00
25.80;22;1288.00
25.80;22;1289.00
25.80;22;1290.00
25.80;22;1291.00
25.80;22;1292.00
25.80;22;1293.00
25.80;22;1294.00
25.80;22;1295.00
25.80;22;1296.00
25.80;22;1297.00
25.80;22;1298.00
25.80;22;1299.00
25.80;22;1300.00
25.80;22;1301.00
25.80;22;1302.00
25.80;22;1303.00
25.80;22;1304.00
25.80;22;1305.00
25.80;22;1306.00
25.80;22;1307.00
25.80;22;1308.00
25.80;22;1309.00
25.80;22;1310.00
25.80;22;1311.00
25.80;22;1312.00
25.80;22;1313.00
25.80;22;1314.00
25.80;22;1315.00
25.80;22;1316.00
25.80;22;1317.00
25.80;22;1318.00
25.80;22;1319.00
25.80;23;1320.00
25.80;23;1321.00
25.80;23;1322.00
25.80;23;1323.00
25.80;23;1324.00
25.80;23;1325.00
25.80;23;1326.00
25.80;23;1327.00
25.80;23;1328.00
25.80;23;1329.00
25.80;23;1330.00
25.80;23;1331.00
25.80;23;1332.00
25.80;23;1333.00
25.80;23;1334.00
25.80;23;1335.00
25.80;23;1336.00
25.80;23;1337.00
25.80;23;1338.00
25.80;23;1339.00
25.80;23;1340.00
25.80;23;1341.00
25.80;23;1342.00
25.80;23;1343.00
25.80;23;1344.00
25.80;23;1345.00
25.80;23;1346.00
25.80;23;1347.00
25.80;23;1348.00
25.80;23;1349.00
25.80;23;1350.00
25.80;23;1351.00
25.80;23;1352.00
25.80;23;1353.00
25.80;23;1354.00
25.80;23;1355.00
25.80;23;1356.00
25.80;23;1357.00
25.80;23;1358.00
25.80;23;1359.00
25.80;23;1360.00
25.80;23;1361.00
25.80;23;1362.00
25.80;23;1363.00
25.80;23;1364.00
25.80;23;1365.00
25.80;23;1366.00
25.80;23;1367.00
25.80;23;1368.00
25.80;23;1369.00
25.80;23;1370.00
25.80;23;1371.00
25.80;23;1372.00
25.80;23;1373.00
25.80;23;1374.00
25.80;23;1375.00
25.80;23;1376.00
25.80;23;1377.00
25.80;23;1378.00
25.80;23;1379.00
25.80;24;1380.00
25.80;24;1381.00
25.80;24;1382.00
25.80;24;1383.00
25.70;24;1384.00
25.70;24;1385.00
25.80;24;1386.00
25.80;24;1387.00
25.80;24;1388.00
25.80;24;1389.00
25.80;24;1390.00
25.80;24;1391.00
25.80;24;1392.00
25.80;24;1393.00
25.80;24;1394.00
25.80;24;1395.00
25.80;24;1396.00
25.80;24;1397.00
25.80;24;1398.00
25.80;24;1399.00
25.80;24;1400.00
25.80;24;1401.00
25.80;24;1402.00
25.80;24;1403.00
25.80;24;1404.00
25.80;24;1405.00
25.80;24;1406.00
25.80;24;1407.00
25.80;24;1408.00
25.80;24;1409.00
25.80;24;1410.00
25.80;24;1411.00
25.80;24;1412.00
25.80;24;1413.00
25.80;24;1414.00
25.80;24;1415.00
25.80;24;1416.00
25.80;24;1417.00
25.80;24;1418.00
25.80;24;1419.00
25.80;24;1420.00
25.80;24;1421.00
25.70;24;1422.00
25.70;24;1423.00
25.70;24;1424.00
25.70;24;1425.00
25.80;24;1426.00
25.80;24;1427.00
25.80;24;1428.00
25.80;24;1429.00
25.80;24;1430.00
25.80;24;1431.00
25.80;24;1432.00
25.80;24;1433.00
25.80;24;1434.00
25.80;24;1435.00
25.80;24;1436.00
25.80;24;1437.00
25.80;24;1438.00
25.80;24;1439.00
25.80;25;1440.00
25.80;25;1441.00
25.80;25;1442.00
25.80;25;1443.00
25.80;25;1444.00
25.80;25;1445.00
25.80;25;1446.00
25.80;25;1447.00
25.80;25;1448.00
25.80;25;1449.00
25.80;25;1450.00
25.80;25;1451.00
25.80;25;1452.00
25.80;25;1453.00
25.80;25;1454.00
25.80;25;1455.00
25.80;25;1456.00
25.80;25;1457.00
25.80;25;1458.00
25.80;25;1459.00
25.80;25;1460.00
25.80;25;1461.00
25.80;25;1462.00
25.80;25;1463.00
25.80;25;1464.00
25.80;25;1465.00
25.80;25;1466.00
25.80;25;1467.00
25.80;25;1468.00
25.80;25;1469.00
25.80;25;1470.00
25.80;25;1471.00
25.80;25;1472.00
25.80;25;1473.00
25.80;25;1474.00
25.80;25;1475.00
25.80;25;1476.00
25.80;25;1477.00
25.80;25;1478.00
25.80;25;1479.00
25.80;25;1480.00
25.80;25;1481.00
25.80;25;1482.00
25.80;25;1483.00
25.80;25;1484.00
25.80;25;1485.00
25.80;25;1486.00
25.80;25;1487.00
25.80;25;1488.00
25.80;25;1489.00
25.80;25;1490.00
25.80;25;1491.00
25.80;25;1492.00
25.80;25;1493.00
25.80;25;1494.00
25.80;25;1495.00
25.80;25;1496.00
25.80;25;1497.00
25.80;25;1498.00
25.80;25;1499.00
25.80;26;1500.00
25.80;26;1501.00
25.80;26;1502.00
25.80;26;1503.00
25.80;26;1504.00
25.80;26;1505.00
25.80;26;1506.00
25.80;26;1507.00
25.80;26;1508.00
25.80;26;1509.00
25.80;26;1510.00
25.80;26;1511.00
25.80;26;1512.00
25.80;26;1513.00
25.80;26;1514.00
25.80;26;1515.00
25.80;26;1516.00
25.80;26;1517.00
25.80;26;1518.00
25.80;26;1519.00
25.80;26;1520.00
25.80;26;1521.00
25.80;26;1522.00
25.80;26;1523.00
25.80;26;1524.00
25.80;26;1525.00
25.80;26;1526.00
25.80;26;1527.00
25.80;26;1528.00
25.80;26;1529.00
25.80;26;1530.00
25.80;26;1531.00
25.80;26;1532.00
25.80;26;1533.00
25.80;26;1534.00
25.80;26;1535.00
25.80;26;1536.00
25.80;26;1537.00
25.80;26;1538.00
25.80;26;1539.00
25.80;26;1540.00
25.80;26;1541.00
25.80;26;1542.00
25.80;26;1543.00
25.80;26;1544.00
25.80;26;1545.00
25.80;26;1546.00
25.80;26;1547.00
25.80;26;1548.00
25.80;26;1549.00
25.80;26;1550.00
25.80;26;1551.00
25.80;26;1552.00
25.80;26;1553.00
25.80;26;1554.00
25.80;26;1555.00
25.80;26;1556.00
25.80;26;1557.00
25.70;26;1558.00
25.70;26;1559.00
25.70;27;1560.00
25.70;27;1561.00
25.70;27;1562.00
25.70;27;1563.00
25.80;27;1564.00
25.80;27;1565.00
25.80;27;1566.00
25.80;27;1567.00
25.70;27;1568.00
25.70;27;1569.00
25.70;27;1570.00
25.70;27;1571.00
25.70;27;1572.00
25.70;27;1573.00
25.80;27;1574.00
25.80;27;1575.00
25.70;27;1576.00
25.70;27;1577.00
25.80;27;1578.00
25.80;27;1579.00
25.80;27;1580.00
25.80;27;1581.00
25.70;27;1582.00
25.70;27;1583.00
25.80;27;1584.00
25.80;27;1585.00
25.70;27;1586.00
25.70;27;1587.00
25.80;27;1588.00
25.80;27;1589.00
25.70;27;1590.00
25.70;27;1591.00
25.70;27;1592.00
25.70;27;1593.00
25.70;27;1594.00
25.70;27;1595.00
25.70;27;1596.00
25.70;27;1597.00
25.70;27;1598.00
25.70;27;1599.00
25.70;27;1600.00
25.70;27;1601.00
25.70;27;1602.00
25.70;27;1603.00
25.70;27;1604.00
25.70;27;1605.00
25.70;27;1606.00
25.70;27;1607.00
25.70;27;1608.00
25.70;27;1609.00
25.70;27;1610.00
25.70;27;1611.00
25.70;27;1612.00
25.70;27;1613.00
25.70;27;1614.00
25.70;27;1615.00
25.70;27;1616.00
25.70;27;1617.00
25.70;27;1618.00
25.70;27;1619.00
25.70;28;1620.00
25.70;28;1621.00
25.70;28;1622.00
25.70;28;1623.00
25.70;28;1624.00
25.70;28;1625.00
25.70;28;1626.00
25.70;28;1627.00
25.70;28;1628.00
25.70;28;1629.00
25.70;28;1630.00
25.70;28;1631.00
25.70;28;1632.00
25.70;28;1633.00
25.70;28;1634.00
25.70;28;1635.00
25.70;28;1636.00
25.70;28;1637.00
25.70;28;1638.00
25.70;28;1639.00
25.70;28;1640.00
25.70;28;1641.00
25.70;28;1642.00
25.70;28;1643.00
25.70;28;1644.00
25.70;28;1645.00
25.70;28;1646.00
25.70;28;1647.00
25.70;28;1648.00
25.70;28;1649.00
25.70;28;1650.00
25.70;28;1651.00
25.60;28;1652.00
25.60;28;1653.00
25.70;28;1654.00
25.70;28;1655.00
25.70;28;1656.00
25.70;28;1657.00
25.70;28;1658.00
25.70;28;1659.00
25.70;28;1660.00
25.70;28;1661.00
25.70;28;1662.00
25.70;28;1663.00
25.70;28;1664.00
25.70;28;1665.00
25.70;28;1666.00
25.70;28;1667.00
25.70;28;1668.00
25.70;28;1669.00
25.70;28;1670.00
25.70;28;1671.00
25.70;28;1672.00
25.70;28;1673.00
25.70;28;1674.00
25.70;28;1675.00
25.70;28;1676.00
25.70;28;1677.00
25.70;28;1678.00
25.70;28;1679.00
25.70;29;1680.00
25.70;29;1681.00
25.70;29;1682.00
25.70;29;1683.00
25.70;29;1684.00
25.70;29;1685.00
25.70;29;1686.00
25.70;29;1687.00
25.70;29;1688.00
25.70;29;1689.00
25.70;29;1690.00
25.70;29;1691.00
25.70;29;1692.00
25.70;29;1693.00
25.70;29;1694.00
25.70;29;1695.00
25.70;29;1696.00
25.70;29;1697.00
25.70;29;1698.00
25.70;29;1699.00
25.70;29;1700.00
25.70;29;1701.00
25.70;29;1702.00
25.70;29;1703.00
25.70;29;1704.00
25.70;29;1705.00
25.70;29;1706.00
25.70;29;1707.00
25.70;29;1708.00
25.70;29;1709.00
25.70;29;1710.00
25.70;29;1711.00
25.70;29;1712.00
25.70;29;1713.00
25.70;29;1714.00
25.70;29;1715.00
25.70;29;1716.00
25.70;29;1717.00
25.70;29;1718.00
25.70;29;1719.00
25.70;29;1720.00
25.70;29;1721.00
25.70;29;1722.00
25.70;29;1723.00
25.70;29;1724.00
25.70;29;1725.00
25.70;29;1726.00
25.70;29;1727.00
25.70;29;1728.00
25.70;29;1729.00
25.70;29;1730.00
25.70;29;1731.00
25.70;29;1732.00
25.70;29;1733.00
25.70;29;1734.00
25.70;29;1735.00
25.70;29;1736.00
25.70;29;1737.00
25.70;29;1738.00
25.70;29;1739.00
25.70;30;1740.00
25.70;30;1741.00
25.70;30;1742.00
25.70;30;1743.00
25.70;30;1744.00
25.70;30;1745.00
25.70;30;1746.00
25.70;30;1747.00
25.70;30;1748.00
25.70;30;1749.00
25.70;30;1750.00
25.70;30;1751.00
25.70;30;1752.00
25.70;30;1753.00
25.70;30;1754.00
25.70;30;1755.00
25.70;30;1756.00
25.70;30;1757.00
25.70;30;1758.00
25.70;30;1759.00
25.70;30;1760.00
25.70;30;1761.00
25.70;30;1762.00
25.70;30;1763.00
25.70;30;1764.00
25.70;30;1765.00
25.70;30;1766.00
25.70;30;1767.00
25.70;30;1768.00
25.70;30;1769.00
25.70;30;1770.00
25.70;30;1771.00
25.70;30;1772.00
25.70;30;1773.00
25.70;30;1774.00
25.70;30;1775.00
25.70;30;1776.00
25.70;30;1777.00
25.70;30;1778.00
25.70;30;1779.00
25.70;30;1780.00
25.70;30;1781.00
25.70;30;1782.00
25.70;30;1783.00
25.70;30;1784.00
25.70;30;1785.00
25.70;30;1786.00
25.70;30;1787.00
25.70;30;1788.00
25.70;30;1789.00
25.70;30;1790.00
25.70;30;1791.00
25.70;30;1792.00
25.70;30;1793.00
25.70;30;1794.00
25.70;30;1795.00
25.70;30;1796.00
25.70;30;1797.00
25.70;30;1798.00
25.70;30;1799.00
25.70;31;1800.00
25.70;31;1801.00
25.70;31;1802.00
25.70;31;1803.00
25.70;31;1804.00
25.70;31;1805.00
25.70;31;1806.00
25.70;31;1807.00
25.70;31;1808.00
25.70;31;1809.00
25.70;31;1810.00
25.70;31;1811.00
25.70;31;1812.00
25.70;31;1813.00
25.70;31;1814.00
25.70;31;1815.00
25.70;31;1816.00
25.70;31;1817.00
25.70;31;1818.00
25.70;31;1819.00
25.70;31;1820.00
25.70;31;1821.00
25.70;31;1822.00
25.70;31;1823.00
25.70;31;1824.00
25.70;31;1825.00
25.70;31;1826.00
25.70;31;1827.00
25.70;31;1828.00
25.70;31;1829.00
25.70;31;1830.00
25.70;31;1831.00
25.70;31;1832.00
25.70;31;1833.00
25.70;31;1834.00
25.70;31;1835.00
25.70;31;1836.00
25.70;31;1837.00
25.70;31;1838.00
25.70;31;1839.00
25.70;31;1840.00
25.70;31;1841.00
25.70;31;1842.00
25.70;31;1843.00
25.70;31;1844.00
25.70;31;1845.00
25.70;31;1846.00
25.70;31;1847.00
25.70;31;1848.00
25.70;31;1849.00
25.70;31;1850.00
25.70;31;1851.00
25.70;31;1852.00
25.70;31;1853.00
25.70;31;1854.00
25.70;31;1855.00
25.70;31;1856.00
25.70;31;1857.00
25.70;31;1858.00
25.70;31;1859.00
25.70;32;1860.00
25.70;32;1861.00
25.70;32;1862.00
25.70;32;1863.00
25.60;32;1864.00
25.60;32;1865.00
25.70;32;1866.00
25.70;32;1867.00
25.70;32;1868.00
25.70;32;1869.00
25.70;32;1870.00
25.70;32;1871.00
25.70;32;1872.00
25.70;32;1873.00
25.70;32;1874.00
25.70;32;1875.00
25.70;32;1876.00
25.70;32;1877.00
25.70;32;1878.00
25.70;32;1879.00
25.70;32;1880.00
25.70;32;1881.00
25.70;32;1882.00
25.70;32;1883.00
25.70;32;1884.00
25.70;32;1885.00
25.70;32;1886.00
25.70;32;1887.00
25.70;32;1888.00
25.70;32;1889.00
25.70;32;1890.00
25.70;32;1891.00
25.70;32;1892.00
25.70;32;1893.00
25.70;32;1894.00
25.70;32;1895.00
25.70;32;1896.00
25.70;32;1897.00
25.70;32;1898.00
25.70;32;1899.00
25.70;32;1900.00
25.70;32;1901.00
25.70;32;1902.00
25.70;32;1903.00
25.70;32;1904.00
25.70;32;1905.00
25.70;32;1906.00
25.70;32;1907.00
25.70;32;1908.00
25.70;32;1909.00
25.70;32;1910.00
25.70;32;1911.00
25.70;32;1912.00
25.70;32;1913.00
25.70;32;1914.00
25.70;32;1915.00
25.70;32;1916.00
25.70;32;1917.00
25.70;32;1918.00
25.70;32;1919.00
25.70;33;1920.00
25.70;33;1921.00
25.70;33;1922.00
25.70;33;1923.00
25.70;33;1924.00
25.70;33;1925.00
25.70;33;1926.00
25.70;33;1927.00
25.70;33;1928.00
25.70;33;1929.00
25.70;33;1930.00
25.70;33;1931.00
25.70;33;1932.00
25.70;33;1933.00
25.70;33;1934.00
25.70;33;1935.00
25.70;33;1936.00
25.70;33;1937.00
25.70;33;1938.00
25.70;33;1939.00
25.70;33;1940.00
25.70;33;1941.00
25.70;33;1942.00
25.70;33;1943.00
25.70;33;1944.00
25.70;33;1945.00
25.70;33;1946.00
25.70;33;1947.00
25.70;33;1948.00
25.70;33;1949.00
25.70;33;1950.00
25.70;33;1951.00
25.70;33;1952.00
25.70;33;1953.00
25.70;33;1954.00
25.70;33;1955.00
25.70;33;1956.00
25.70;33;1957.00
25.70;33;1958.00
25.70;33;1959.00
25.70;33;1960.00
25.70;33;1961.00
25.70;33;1962.00
25.70;33;1963.00
25.70;33;1964.00
25.70;33;1965.00
25.70;33;1966.00
25.70;33;1967.00
25.70;33;1968.00
25.70;33;1969.00
25.70;33;1970.00
25.70;33;1971.00
25.70;33;1972.00
25.70;33;1973.00
25.70;33;1974.00
25.70;33;1975.00
25.70;33;1976.00
25.70;33;1977.00
25.70;33;1978.00
25.70;33;1979.00
25.70;34;1980.00
25.70;34;1981.00
25.70;34;1982.00
25.70;34;1983.00
25.60;34;1984.00
25.60;34;1985.00
25.70;34;1986.00
25.70;34;1987.00
25.70;34;1988.00
25.70;34;1989.00
25.70;34;1990.00
25.70;34;1991.00
25.60;34;1992.00
25.60;34;1993.00
25.70;34;1994.00
25.70;34;1995.00
25.60;34;1996.00
25.60;34;1997.00
25.70;34;1998.00
25.70;34;1999.00
25.60;34;2000.00
25.60;34;2001.00
25.70;34;2002.00
25.70;34;2003.00
25.60;34;2004.00
25.60;34;2005.00
25.60;34;2006.00
25.60;34;2007.00
25.70;34;2008.00
25.70;34;2009.00
25.60;34;2010.00
25.60;34;2011.00
25.60;34;2012.00
25.60;34;2013.00
25.60;34;2014.00
25.60;34;2015.00
25.60;34;2016.00
25.60;34;2017.00
25.60;34;2018.00
25.60;34;2019.00
25.60;34;2020.00
25.60;34;2021.00
25.60;34;2022.00
25.60;34;2023.00
25.60;34;2024.00
25.60;34;2025.00
25.70;34;2026.00
25.70;34;2027.00
25.60;34;2028.00
25.60;34;2029.00
25.60;34;2030.00
25.60;34;2031.00
25.70;34;2032.00
25.70;34;2033.00
25.60;34;2034.00
25.60;34;2035.00
25.60;34;2036.00
25.60;34;2037.00
25.60;34;2038.00
25.60;34;2039.00
25.70;35;2040.00
25.70;35;2041.00
25.60;35;2042.00
25.60;35;2043.00
25.60;35;2044.00
25.60;35;2045.00
25.60;35;2046.00
25.60;35;2047.00
25.60;35;2048.00
25.60;35;2049.00
25.60;35;2050.00
25.60;35;2051.00
25.60;35;2052.00
25.60;35;2053.00
25.60;35;2054.00
25.60;35;2055.00
25.60;35;2056.00
25.60;35;2057.00
25.60;35;2058.00
25.60;35;2059.00
25.60;35;2060.00
25.60;35;2061.00
25.60;35;2062.00
25.60;35;2063.00
25.60;35;2064.00
25.60;35;2065.00
25.60;35;2066.00
25.60;35;2067.00
25.60;35;2068.00
25.60;35;2069.00
25.60;35;2070.00
25.60;35;2071.00
25.60;35;2072.00
25.60;35;2073.00
25.60;35;2074.00
25.60;35;2075.00
25.60;35;2076.00
25.60;35;2077.00
25.60;35;2078.00
25.60;35;2079.00
25.60;35;2080.00
25.60;35;2081.00
25.60;35;2082.00
25.60;35;2083.00
25.60;35;2084.00
25.60;35;2085.00
25.60;35;2086.00
25.60;35;2087.00
25.60;35;2088.00
25.60;35;2089.00
25.60;35;2090.00
25.60;35;2091.00
25.60;35;2092.00
25.60;35;2093.00
25.60;35;2094.00
25.60;35;2095.00
25.60;35;2096.00
25.60;35;2097.00
25.60;35;2098.00
25.60;35;2099.00
25.60;36;2100.00
25.60;36;2101.00
25.60;36;2102.00
25.60;36;2103.00
25.60;36;2104.00
25.60;36;2105.00
25.60;36;2106.00
25.60;36;2107.00
25.60;36;2108.00
25.60;36;2109.00
25.60;36;2110.00
25.60;36;2111.00
25.60;36;2112.00
25.60;36;2113.00
25.60;36;2114.00
25.60;36;2115.00
25.60;36;2116.00
25.60;36;2117.00
25.60;36;2118.00
25.60;36;2119.00
25.60;36;2120.00
25.60;36;2121.00
25.60;36;2122.00
25.60;36;2123.00
25.60;36;2124.00
25.60;36;2125.00
25.60;36;2126.00
25.60;36;2127.00
25.60;36;2128.00
25.60;36;2129.00
25.60;36;2130.00
25.60;36;2131.00
25.60;36;2132.00
25.60;36;2133.00
25.60;36;2134.00
25.60;36;2135.00
25.60;36;2136.00
25.60;36;2137.00
25.60;36;2138.00
25.60;36;2139.00
25.60;36;2140.00
25.60;36;2141.00
25.60;36;2142.00
25.60;36;2143.00
25.60;36;2144.00
25.60;36;2145.00
25.60;36;2146.00
25.60;36;2147.00
25.60;36;2148.00
25.60;36;2149.00
25.60;36;2150.00
25.60;36;2151.00
25.60;36;2152.00
25.60;36;2153.00
25.60;36;2154.00
25.60;36;2155.00
25.60;36;2156.00
25.60;36;2157.00
25.60;36;2158.00
25.60;36;2159.00
25.60;37;2160.00
25.60;37;2161.00
25.60;37;2162.00
25.60;37;2163.00
25.60;37;2164.00
25.60;37;2165.00
25.60;37;2166.00
25.60;37;2167.00
25.60;37;2168.00
25.60;37;2169.00
25.60;37;2170.00
25.60;37;2171.00
25.60;37;2172.00
25.60;37;2173.00
25.60;37;2174.00
25.60;37;2175.00
25.60;37;2176.00
25.60;37;2177.00
25.60;37;2178.00
25.60;37;2179.00
25.60;37;2180.00
25.60;37;2181.00
25.60;37;2182.00
25.60;37;2183.00
25.60;37;2184.00
25.60;37;2185.00
25.60;37;2186.00
25.60;37;2187.00
25.60;37;2188.00
25.60;37;2189.00
25.60;37;2190.00
25.60;37;2191.00
25.60;37;2192.00
25.60;37;2193.00
25.60;37;2194.00
25.60;37;2195.00
25.60;37;2196.00
25.60;37;2197.00
25.60;37;2198.00
25.60;37;2199.00
25.60;37;2200.00
25.60;37;2201.00
25.60;37;2202.00
25.60;37;2203.00
25.60;37;2204.00
25.60;37;2205.00
25.60;37;2206.00
25.60;37;2207.00
25.60;37;2208.00
25.60;37;2209.00
25.60;37;2210.00
25.60;37;2211.00
25.60;37;2212.00
25.60;37;2213.00
25.60;37;2214.00
25.60;37;2215.00
25.60;37;2216.00
25.60;37;2217.00
25.60;37;2218.00
25.60;37;2219.00
25.60;38;2220.00
25.60;38;2221.00
25.60;38;2222.00
25.60;38;2223.00
25.60;38;2224.00
25.60;38;2225.00
25.60;38;2226.00
25.60;38;2227.00
25.60;38;2228.00
25.60;38;2229.00
25.60;38;2230.00
25.60;38;2231.00
25.60;38;2232.00
25.60;38;2233.00
25.60;38;2234.00
25.60;38;2235.00
25.60;38;2236.00
25.60;38;2237.00
25.60;38;2238.00
25.60;38;2239.00
25.60;38;2240.00
25.60;38;2241.00
25.60;38;2242.00
25.60;38;2243.00
25.60;38;2244.00
25.60;38;2245.00
25.60;38;2246.00
25.60;38;2247.00
25.60;38;2248.00
25.60;38;2249.00
25.70;38;2250.00
25.70;38;2251.00
25.60;38;2252.00
25.60;38;2253.00
25.60;38;2254.00
25.60;38;2255.00
25.70;38;2256.00
25.70;38;2257.00
25.60;38;2258.00
25.60;38;2259.00
25.60;38;2260.00
25.60;38;2261.00
25.60;38;2262.00
25.60;38;2263.00
25.60;38;2264.00
25.60;38;2265.00
25.60;38;2266.00
25.60;38;2267.00
25.60;38;2268.00
25.60;38;2269.00
25.60;38;2270.00
25.60;38;2271.00
25.70;38;2272.00
25.70;38;2273.00
25.60;38;2274.00
25.60;38;2275.00
25.70;38;2276.00
25.70;38;2277.00
25.70;38;2278.00
25.70;38;2279.00
25.60;39;2280.00
25.60;39;2281.00
25.60;39;2282.00
25.60;39;2283.00
25.60;39;2284.00
25.60;39;2285.00
25.60;39;2286.00
25.60;39;2287.00
25.60;39;2288.00
25.60;39;2289.00
25.60;39;2290.00
25.60;39;2291.00
25.60;39;2292.00
25.60;39;2293.00
25.60;39;2294.00
25.60;39;2295.00
25.60;39;2296.00
25.60;39;2297.00
25.60;39;2298.00
25.60;39;2299.00
25.60;39;2300.00
25.60;39;2301.00
25.70;39;2302.00
25.70;39;2303.00
25.60;39;2304.00
25.60;39;2305.00
25.60;39;2306.00
25.60;39;2307.00
25.60;39;2308.00
25.60;39;2309.00
25.60;39;2310.00
25.60;39;2311.00
25.60;39;2312.00
25.60;39;2313.00
25.60;39;2314.00
25.60;39;2315.00
25.60;39;2316.00
25.60;39;2317.00
25.60;39;2318.00
25.60;39;2319.00
25.60;39;2320.00
25.60;39;2321.00
25.60;39;2322.00
25.60;39;2323.00
25.60;39;2324.00
25.60;39;2325.00
25.60;39;2326.00
25.60;39;2327.00
25.60;39;2328.00
25.60;39;2329.00
25.60;39;2330.00
25.60;39;2331.00
25.60;39;2332.00
25.60;39;2333.00
25.60;39;2334.00
25.60;39;2335.00
25.60;39;2336.00
25.60;39;2337.00
25.60;39;2338.00
25.60;39;2339.00
25.60;40;2340.00
25.60;40;2341.00
25.60;40;2342.00
25.60;40;2343.00
25.60;40;2344.00
25.60;40;2345.00
25.60;40;2346.00
25.60;40;2347.00
25.60;40;2348.00
25.60;40;2349.00
25.60;40;2350.00
25.60;40;2351.00
25.60;40;2352.00
25.60;40;2353.00
25.60;40;2354.00
25.60;40;2355.00
25.60;40;2356.00
25.60;40;2357.00
25.50;40;2358.00
25.50;40;2359.00
25.50;40;2360.00
25.50;40;2361.00
25.50;40;2362.00
25.50;40;2363.00
25.50;40;2364.00
25.50;40;2365.00
25.50;40;2366.00
25.50;40;2367.00
25.50;40;2368.00
25.50;40;2369.00
25.40;40;2370.00
25.40;40;2371.00
25.40;40;2372.00
25.40;40;2373.00
25.40;40;2374.00
25.40;40;2375.00
25.50;40;2376.00
25.50;40;2377.00
25.40;40;2378.00
25.40;40;2379.00
25.40;40;2380.00
25.40;40;2381.00
25.40;40;2382.00
25.40;40;2383.00
25.40;40;2384.00
25.40;40;2385.00
25.40;40;2386.00
25.40;40;2387.00
25.40;40;2388.00
25.40;40;2389.00
25.40;40;2390.00
25.40;40;2391.00
25.40;40;2392.00
25.40;40;2393.00
25.40;40;2394.00
25.40;40;2395.00
25.40;40;2396.00
25.40;40;2397.00
25.40;40;2398.00
25.40;40;2399.00
25.40;41;2400.00
25.40;41;2401.00
25.40;41;2402.00
25.40;41;2403.00
25.40;41;2404.00
25.40;41;2405.00
25.40;41;2406.00
25.40;41;2407.00
25.30;41;2408.00
25.30;41;2409.00
25.40;41;2410.00
25.40;41;2411.00
25.40;41;2412.00
25.40;41;2413.00
25.40;41;2414.00
25.40;41;2415.00
25.30;41;2416.00
25.30;41;2417.00
25.30;41;2418.00
25.30;41;2419.00
25.30;41;2420.00
25.30;41;2421.00
25.30;41;2422.00
25.30;41;2423.00
25.30;41;2424.00
25.30;41;2425.00
25.30;41;2426.00
25.30;41;2427.00
25.30;41;2428.00
25.30;41;2429.00
25.30;41;2430.00
25.30;41;2431.00
25.30;41;2432.00
25.30;41;2433.00
25.30;41;2434.00
25.30;41;2435.00
25.30;41;2436.00
25.30;41;2437.00
25.30;41;2438.00
25.30;41;2439.00
25.30;41;2440.00
25.30;41;2441.00
25.30;41;2442.00
25.30;41;2443.00
25.30;41;2444.00
25.30;41;2445.00
25.30;41;2446.00
25.30;41;2447.00
25.20;41;2448.00
25.20;41;2449.00
25.30;41;2450.00
25.30;41;2451.00
25.30;41;2452.00
25.30;41;2453.00
25.30;41;2454.00
25.30;41;2455.00
25.30;41;2456.00
25.30;41;2457.00
25.30;41;2458.00
25.30;41;2459.00
25.30;42;2460.00
25.30;42;2461.00
25.30;42;2462.00
25.30;42;2463.00
25.30;42;2464.00
25.30;42;2465.00
25.30;42;2466.00
25.30;42;2467.00
25.30;42;2468.00
25.30;42;2469.00
25.30;42;2470.00
25.30;42;2471.00
25.30;42;2472.00
25.30;42;2473.00
25.30;42;2474.00
25.30;42;2475.00
25.30;42;2476.00
25.30;42;2477.00
25.30;42;2478.00
25.30;42;2479.00
25.30;42;2480.00
25.30;42;2481.00
25.20;42;2482.00
25.20;42;2483.00
25.30;42;2484.00
25.30;42;2485.00
25.30;42;2486.00
25.30;42;2487.00
25.20;42;2488.00
25.20;42;2489.00
25.30;42;2490.00
25.30;42;2491.00
25.20;42;2492.00
25.20;42;2493.00
25.30;42;2494.00
25.30;42;2495.00
25.20;42;2496.00
25.20;42;2497.00
25.20;42;2498.00
25.20;42;2499.00
25.20;42;2500.00
25.20;42;2501.00
25.20;42;2502.00
25.20;42;2503.00
25.20;42;2504.00
25.20;42;2505.00
25.20;42;2506.00
25.20;42;2507.00
25.20;42;2508.00
25.20;42;2509.00
25.20;42;2510.00
25.20;42;2511.00
25.20;42;2512.00
25.20;42;2513.00
25.20;42;2514.00
25.20;42;2515.00
25.20;42;2516.00
25.20;42;2517.00
25.20;42;2518.00
25.20;42;2519.00
25.20;43;2520.00
25.20;43;2521.00
25.20;43;2522.00
25.20;43;2523.00
25.20;43;2524.00
25.20;43;2525.00
25.20;43;2526.00
25.20;43;2527.00
25.20;43;2528.00
25.20;43;2529.00
25.20;43;2530.00
25.20;43;2531.00
25.20;43;2532.00
25.20;43;2533.00
25.20;43;2534.00
25.20;43;2535.00
25.20;43;2536.00
25.20;43;2537.00
25.20;43;2538.00
25.20;43;2539.00
25.20;43;2540.00
25.20;43;2541.00
25.20;43;2542.00
25.20;43;2543.00
25.20;43;2544.00
25.20;43;2545.00
25.20;43;2546.00
25.20;43;2547.00
25.20;43;2548.00
25.20;43;2549.00
25.20;43;2550.00
25.20;43;2551.00
25.20;43;2552.00
25.20;43;2553.00
25.20;43;2554.00
25.20;43;2555.00
25.20;43;2556.00
25.20;43;2557.00
25.20;43;2558.00
25.20;43;2559.00
25.20;43;2560.00
25.20;43;2561.00
25.20;43;2562.00
25.20;43;2563.00
25.20;43;2564.00
25.20;43;2565.00
25.10;43;2566.00
25.10;43;2567.00
25.10;43;2568.00
25.10;43;2569.00
25.10;43;2570.00
25.10;43;2571.00
25.10;43;2572.00
25.10;43;2573.00
25.20;43;2574.00
25.20;43;2575.00
25.10;43;2576.00
25.10;43;2577.00
25.10;43;2578.00
25.10;43;2579.00
25.10;44;2580.00
25.10;44;2581.00
25.10;44;2582.00
25.10;44;2583.00
25.10;44;2584.00
25.10;44;2585.00
25.10;44;2586.00
25.10;44;2587.00
25.10;44;2588.00
25.10;44;2589.00
25.10;44;2590.00
25.10;44;2591.00
25.10;44;2592.00
25.10;44;2593.00
25.10;44;2594.00
25.10;44;2595.00
25.10;44;2596.00
25.10;44;2597.00
25.10;44;2598.00
25.10;44;2599.00
25.10;44;2600.00
25.10;44;2601.00
25.20;44;2602.00
25.20;44;2603.00
25.20;44;2604.00
25.20;44;2605.00
25.20;44;2606.00
25.20;44;2607.00
25.10;44;2608.00
25.10;44;2609.00
25.10;44;2610.00
25.10;44;2611.00
25.10;44;2612.00
25.10;44;2613.00
25.10;44;2614.00
25.10;44;2615.00
25.20;44;2616.00
25.20;44;2617.00
25.10;44;2618.00
25.10;44;2619.00
25.10;44;2620.00
25.10;44;2621.00
25.10;44;2622.00
25.10;44;2623.00
25.10;44;2624.00
25.10;44;2625.00
25.10;44;2626.00
25.10;44;2627.00
25.10;44;2628.00
25.10;44;2629.00
25.10;44;2630.00
25.10;44;2631.00
25.10;44;2632.00
25.10;44;2633.00
25.00;44;2634.00
25.00;44;2635.00
25.10;44;2636.00
25.10;44;2637.00
25.10;44;2638.00
25.10;44;2639.00
25.10;45;2640.00
25.10;45;2641.00
25.10;45;2642.00
25.10;45;2643.00
25.10;45;2644.00
25.10;45;2645.00
25.00;45;2646.00
25.00;45;2647.00
25.10;45;2648.00
25.10;45;2649.00
25.00;45;2650.00
25.00;45;2651.00
25.00;45;2652.00
25.00;45;2653.00
25.00;45;2654.00
25.00;45;2655.00
25.10;45;2656.00
25.10;45;2657.00
25.10;45;2658.00
25.10;45;2659.00
25.10;45;2660.00
25.10;45;2661.00
25.00;45;2662.00
25.00;45;2663.00
25.00;45;2664.00
25.00;45;2665.00
25.00;45;2666.00
25.00;45;2667.00
25.00;45;2668.00
25.00;45;2669.00
25.00;45;2670.00
25.00;45;2671.00
25.10;45;2672.00
25.10;45;2673.00
25.00;45;2674.00
25.00;45;2675.00
25.10;45;2676.00
25.10;45;2677.00
25.00;45;2678.00
25.00;45;2679.00
25.00;45;2680.00
25.00;45;2681.00
25.00;45;2682.00
25.00;45;2683.00
25.00;45;2684.00
25.00;45;2685.00
25.00;45;2686.00
25.00;45;2687.00
25.00;45;2688.00
25.00;45;2689.00
25.00;45;2690.00
25.00;45;2691.00
25.00;45;2692.00
25.00;45;2693.00
25.10;45;2694.00
25.10;45;2695.00
25.00;45;2696.00
25.00;45;2697.00
25.00;45;2698.00
25.00;45;2699.00
25.00;46;2700.00
25.00;46;2701.00
25.00;46;2702.00
25.00;46;2703.00
25.00;46;2704.00
25.00;46;2705.00
25.00;46;2706.00
25.00;46;2707.00
25.00;46;2708.00
25.00;46;2709.00
25.00;46;2710.00
25.00;46;2711.00
25.00;46;2712.00
25.00;46;2713.00
25.00;46;2714.00
25.00;46;2715.00
25.00;46;2716.00
25.00;46;2717.00
25.00;46;2718.00
25.00;46;2719.00
25.00;46;2720.00
25.00;46;2721.00
25.00;46;2722.00
25.00;46;2723.00
25.00;46;2724.00
25.00;46;2725.00
25.00;46;2726.00
25.00;46;2727.00
25.00;46;2728.00
25.00;46;2729.00
25.00;46;2730.00
25.00;46;2731.00
25.00;46;2732.00
25.00;46;2733.00
25.00;46;2734.00
25.00;46;2735.00
25.00;46;2736.00
25.00;46;2737.00
25.00;46;2738.00
25.00;46;2739.00
25.00;46;2740.00
25.00;46;2741.00
25.00;46;2742.00
25.00;46;2743.00
25.00;46;2744.00
25.00;46;2745.00
25.00;46;2746.00
25.00;46;2747.00
25.00;46;2748.00
25.00;46;2749.00
25.00;46;2750.00
25.00;46;2751.00
25.00;46;2752.00
25.00;46;2753.00
25.00;46;2754.00
25.00;46;2755.00
25.00;46;2756.00
25.00;46;2757.00
25.00;46;2758.00
25.00;46;2759.00
25.00;47;2760.00
25.00;47;2761.00
25.00;47;2762.00
25.00;47;2763.00
25.00;47;2764.00
25.00;47;2765.00
25.00;47;2766.00
25.00;47;2767.00
25.00;47;2768.00
25.00;47;2769.00
25.00;47;2770.00
25.00;47;2771.00
25.00;47;2772.00
25.00;47;2773.00
25.00;47;2774.00
25.00;47;2775.00
25.00;47;2776.00
25.00;47;2777.00
25.00;47;2778.00
25.00;47;2779.00
25.00;47;2780.00
25.00;47;2781.00
25.00;47;2782.00
25.00;47;2783.00
25.00;47;2784.00
25.00;47;2785.00
25.00;47;2786.00
25.00;47;2787.00
25.00;47;2788.00
25.00;47;2789.00
25.00;47;2790.00
25.00;47;2791.00
25.00;47;2792.00
25.00;47;2793.00
25.00;47;2794.00
25.00;47;2795.00
25.00;47;2796.00
25.00;47;2797.00
25.00;47;2798.00
25.00;47;2799.00
25.00;47;2800.00
25.00;47;2801.00
24.90;47;2802.00
24.90;47;2803.00
25.00;47;2804.00
25.00;47;2805.00
25.00;47;2806.00
25.00;47;2807.00
25.00;47;2808.00
25.00;47;2809.00
25.00;47;2810.00
25.00;47;2811.00
25.00;47;2812.00
25.00;47;2813.00
25.00;47;2814.00
25.00;47;2815.00
25.00;47;2816.00
25.00;47;2817.00
25.00;47;2818.00
25.00;47;2819.00
25.00;48;2820.00
25.00;48;2821.00
25.00;48;2822.00
25.00;48;2823.00
25.00;48;2824.00
25.00;48;2825.00
25.00;48;2826.00
25.00;48;2827.00
25.00;48;2828.00
25.00;48;2829.00
25.00;48;2830.00
25.00;48;2831.00
25.00;48;2832.00
25.00;48;2833.00
25.00;48;2834.00
25.00;48;2835.00
25.00;48;2836.00
25.00;48;2837.00
25.00;48;2838.00
25.00;48;2839.00
24.90;48;2840.00
24.90;48;2841.00
24.90;48;2842.00
24.90;48;2843.00
24.90;48;2844.00
24.90;48;2845.00
24.90;48;2846.00
24.90;48;2847.00
24.90;48;2848.00
24.90;48;2849.00
25.00;48;2850.00
25.00;48;2851.00
24.90;48;2852.00
24.90;48;2853.00
25.00;48;2854.00
25.00;48;2855.00
25.00;48;2856.00
25.00;48;2857.00
24.90;48;2858.00
24.90;48;2859.00
24.90;48;2860.00
24.90;48;2861.00
25.00;48;2862.00
25.00;48;2863.00
24.90;48;2864.00
24.90;48;2865.00
24.90;48;2866.00
24.90;48;2867.00
25.00;48;2868.00
25.00;48;2869.00
24.90;48;2870.00
24.90;48;2871.00
25.00;48;2872.00
25.00;48;2873.00
24.90;48;2874.00
24.90;48;2875.00
25.00;48;2876.00
25.00;48;2877.00
25.00;48;2878.00
25.00;48;2879.00
25.00;49;2880.00
25.00;49;2881.00
25.00;49;2882.00
25.00;49;2883.00
25.00;49;2884.00
25.00;49;2885.00
25.00;49;2886.00
25.00;49;2887.00
24.90;49;2888.00
24.90;49;2889.00
24.90;49;2890.00
24.90;49;2891.00
24.90;49;2892.00
24.90;49;2893.00
24.90;49;2894.00
24.90;49;2895.00
24.90;49;2896.00
24.90;49;2897.00
24.90;49;2898.00
24.90;49;2899.00
24.90;49;2900.00
24.90;49;2901.00
24.90;49;2902.00
24.90;49;2903.00
24.90;49;2904.00
24.90;49;2905.00
24.90;49;2906.00
24.90;49;2907.00
24.90;49;2908.00
24.90;49;2909.00
24.90;49;2910.00
24.90;49;2911.00
24.90;49;2912.00
24.90;49;2913.00
24.90;49;2914.00
24.90;49;2915.00
24.90;49;2916.00
24.90;49;2917.00
24.90;49;2918.00
24.90;49;2919.00
24.90;49;2920.00
24.90;49;2921.00
24.90;49;2922.00
24.90;49;2923.00
24.90;49;2924.00
24.90;49;2925.00
24.90;49;2926.00
24.90;49;2927.00
24.90;49;2928.00
24.90;49;2929.00
24.90;49;2930.00
24.90;49;2931.00
24.90;49;2932.00
24.90;49;2933.00
24.90;49;2934.00
24.90;49;2935.00
24.90;49;2936.00
24.90;49;2937.00
24.90;49;2938.00
24.90;49;2939.00
24.90;50;2940.00
24.90;50;2941.00
24.90;50;2942.00
24.90;50;2943.00
24.90;50;2944.00
24.90;50;2945.00
24.90;50;2946.00
24.90;50;2947.00
24.90;50;2948.00
24.90;50;2949.00
24.90;50;2950.00
24.90;50;2951.00
24.90;50;2952.00
24.90;50;2953.00
24.90;50;2954.00
24.90;50;2955.00
24.90;50;2956.00
24.90;50;2957.00
24.90;50;2958.00
24.90;50;2959.00
24.90;50;2960.00
24.90;50;2961.00
24.90;50;2962.00
24.90;50;2963.00
24.90;50;2964.00
24.90;50;2965.00
24.90;50;2966.00
24.90;50;2967.00
24.90;50;2968.00
24.90;50;2969.00
24.90;50;2970.00
24.90;50;2971.00
24.90;50;2972.00
24.90;50;2973.00
24.90;50;2974.00
24.90;50;2975.00
24.90;50;2976.00
24.90;50;2977.00
24.90;50;2978.00
24.90;50;2979.00
24.90;50;2980.00
24.90;50;2981.00
24.90;50;2982.00
24.90;50;2983.00
24.90;50;2984.00
24.90;50;2985.00
24.90;50;2986.00
24.90;50;2987.00
24.90;50;2988.00
24.90;50;2989.00
24.90;50;2990.00
24.90;50;2991.00
24.90;50;2992.00
24.90;50;2993.00
24.90;50;2994.00
24.90;50;2995.00
24.90;50;2996.00
24.90;50;2997.00
24.90;50;2998.00
24.90;50;2999.00
24.90;51;3000.00
24.90;51;3001.00
24.90;51;3002.00
24.90;51;3003.00
24.90;51;3004.00
24.90;51;3005.00
24.90;51;3006.00
24.90;51;3007.00
24.80;51;3008.00
24.80;51;3009.00
24.80;51;3010.00
24.80;51;3011.00
24.90;51;3012.00
24.90;51;3013.00
24.80;51;3014.00
24.80;51;3015.00
24.90;51;3016.00
24.90;51;3017.00
24.80;51;3018.00
24.80;51;3019.00
24.90;51;3020.00
24.90;51;3021.00
24.80;51;3022.00
24.80;51;3023.00
24.90;51;3024.00
24.90;51;3025.00
24.80;51;3026.00
24.80;51;3027.00
24.90;51;3028.00
24.90;51;3029.00
24.80;51;3030.00
24.80;51;3031.00
24.80;51;3032.00
24.80;51;3033.00
24.90;51;3034.00
24.90;51;3035.00
24.80;51;3036.00
24.80;51;3037.00
24.80;51;3038.00
24.80;51;3039.00
24.90;51;3040.00
24.90;51;3041.00
24.80;51;3042.00
24.80;51;3043.00
24.80;51;3044.00
24.80;51;3045.00
24.90;51;3046.00
24.90;51;3047.00
24.90;51;3048.00
24.90;51;3049.00
24.80;51;3050.00
24.80;51;3051.00
24.80;51;3052.00
24.80;51;3053.00
24.90;51;3054.00
24.90;51;3055.00
24.80;51;3056.00
24.80;51;3057.00
24.90;51;3058.00
24.90;51;3059.00
24.90;52;3060.00
24.90;52;3061.00
24.90;52;3062.00
24.90;52;3063.00
24.80;52;3064.00
24.80;52;3065.00
24.90;52;3066.00
24.90;52;3067.00
24.80;52;3068.00
24.80;52;3069.00
24.90;52;3070.00
24.90;52;3071.00
24.90;52;3072.00
24.90;52;3073.00
24.80;52;3074.00
24.80;52;3075.00
24.80;52;3076.00
24.80;52;3077.00
24.80;52;3078.00
24.80;52;3079.00
24.80;52;3080.00
24.80;52;3081.00
24.80;52;3082.00
24.80;52;3083.00
24.80;52;3084.00
24.80;52;3085.00
24.80;52;3086.00
24.80;52;3087.00
24.80;52;3088.00
24.80;52;3089.00
24.80;52;3090.00
24.80;52;3091.00
24.80;52;3092.00
24.80;52;3093.00
24.80;52;3094.00
24.80;52;3095.00
24.80;52;3096.00
24.80;52;3097.00
24.80;52;3098.00
24.80;52;3099.00
24.80;52;3100.00
24.80;52;3101.00
24.80;52;3102.00
24.80;52;3103.00
24.80;52;3104.00
24.80;52;3105.00
24.80;52;3106.00
24.80;52;3107.00
24.80;52;3108.00
24.80;52;3109.00
24.80;52;3110.00
24.80;52;3111.00
24.80;52;3112.00
24.80;52;3113.00
24.80;52;3114.00
24.80;52;3115.00
24.80;52;3116.00
24.80;52;3117.00
24.80;52;3118.00
24.80;52;3119.00
24.80;53;3120.00
24.80;53;3121.00
24.70;53;3122.00
24.70;53;3123.00
24.80;53;3124.00
24.80;53;3125.00
24.80;53;3126.00
24.80;53;3127.00
24.80;53;3128.00
24.80;53;3129.00
24.80;53;3130.00
24.80;53;3131.00
24.80;53;3132.00
24.80;53;3133.00
24.80;53;3134.00
24.80;53;3135.00
24.80;53;3136.00
24.80;53;3137.00
24.80;53;3138.00
24.80;53;3139.00
24.80;53;3140.00
24.80;53;3141.00
24.80;53;3142.00
24.80;53;3143.00
24.80;53;3144.00
24.80;53;3145.00
24.80;53;3146.00
24.80;53;3147.00
24.80;53;3148.00
24.80;53;3149.00
24.80;53;3150.00
24.80;53;3151.00
24.80;53;3152.00
24.80;53;3153.00
24.80;53;3154.00
24.80;53;3155.00
24.80;53;3156.00
24.80;53;3157.00
24.80;53;3158.00
24.80;53;3159.00
24.80;53;3160.00
24.80;53;3161.00
24.80;53;3162.00
24.80;53;3163.00
24.80;53;3164.00
24.80;53;3165.00
24.80;53;3166.00
24.80;53;3167.00
24.80;53;3168.00
24.80;53;3169.00
24.80;53;3170.00
24.80;53;3171.00
24.80;53;3172.00
24.80;53;3173.00
24.80;53;3174.00
24.80;53;3175.00
24.80;53;3176.00
24.80;53;3177.00
24.80;53;3178.00
24.80;53;3179.00
24.80;54;3180.00
24.80;54;3181.00
24.80;54;3182.00
24.80;54;3183.00
24.80;54;3184.00
24.80;54;3185.00
24.80;54;3186.00
24.80;54;3187.00
24.80;54;3188.00
24.80;54;3189.00
24.80;54;3190.00
24.80;54;3191.00
24.80;54;3192.00
24.80;54;3193.00
24.80;54;3194.00
24.80;54;3195.00
24.80;54;3196.00
24.80;54;3197.00
24.80;54;3198.00
24.80;54;3199.00
24.80;54;3200.00
24.80;54;3201.00
24.80;54;3202.00
24.80;54;3203.00
24.80;54;3204.00
24.80;54;3205.00
24.80;54;3206.00
24.80;54;3207.00
24.80;54;3208.00
24.80;54;3209.00
24.70;54;3210.00
24.70;54;3211.00
24.70;54;3212.00
24.70;54;3213.00
24.80;54;3214.00
24.80;54;3215.00
24.80;54;3216.00
24.80;54;3217.00
24.80;54;3218.00
24.80;54;3219.00
24.80;54;3220.00
24.80;54;3221.00
24.80;54;3222.00
24.80;54;3223.00
24.80;54;3224.00
24.80;54;3225.00
24.80;54;3226.00
24.80;54;3227.00
24.80;54;3228.00
24.80;54;3229.00
24.80;54;3230.00
24.80;54;3231.00
24.80;54;3232.00
24.80;54;3233.00
24.80;54;3234.00
24.80;54;3235.00
24.80;54;3236.00
24.80;54;3237.00
24.80;54;3238.00
24.80;54;3239.00
24.80;55;3240.00
24.80;55;3241.00
24.80;55;3242.00
24.80;55;3243.00
24.80;55;3244.00
24.80;55;3245.00
24.70;55;3246.00
24.70;55;3247.00
24.70;55;3248.00
24.70;55;3249.00
24.70;55;3250.00
24.70;55;3251.00
24.70;55;3252.00
24.70;55;3253.00
24.70;55;3254.00
24.70;55;3255.00
24.80;55;3256.00
24.80;55;3257.00
24.80;55;3258.00
24.80;55;3259.00
24.70;55;3260.00
24.70;55;3261.00
24.70;55;3262.00
24.70;55;3263.00
24.80;55;3264.00
24.80;55;3265.00
24.80;55;3266.00
24.80;55;3267.00
24.70;55;3268.00
24.70;55;3269.00
24.70;55;3270.00
24.70;55;3271.00
24.70;55;3272.00
24.70;55;3273.00
24.70;55;3274.00
24.70;55;3275.00
24.70;55;3276.00
24.70;55;3277.00
24.80;55;3278.00
24.80;55;3279.00
24.70;55;3280.00
24.70;55;3281.00
24.70;55;3282.00
24.70;55;3283.00
24.70;55;3284.00
24.70;55;3285.00
24.70;55;3286.00
24.70;55;3287.00
24.70;55;3288.00
24.70;55;3289.00
24.70;55;3290.00
24.70;55;3291.00
24.70;55;3292.00
24.70;55;3293.00
24.70;55;3294.00
24.70;55;3295.00
24.70;55;3296.00
24.70;55;3297.00
24.70;55;3298.00
24.70;55;3299.00
24.70;56;3300.00
24.70;56;3301.00
24.70;56;3302.00
24.70;56;3303.00
24.70;56;3304.00
24.70;56;3305.00
24.70;56;3306.00
24.70;56;3307.00
24.70;56;3308.00
24.70;56;3309.00
24.70;56;3310.00
24.70;56;3311.00
24.70;56;3312.00
24.70;56;3313.00
24.70;56;3314.00
24.70;56;3315.00
24.70;56;3316.00
24.70;56;3317.00
24.70;56;3318.00
24.70;56;3319.00
24.70;56;3320.00
24.70;56;3321.00
24.70;56;3322.00
24.70;56;3323.00
24.70;56;3324.00
24.70;56;3325.00
24.70;56;3326.00
24.70;56;3327.00
24.70;56;3328.00
24.70;56;3329.00
24.70;56;3330.00
24.70;56;3331.00
24.70;56;3332.00
24.70;56;3333.00
24.70;56;3334.00
24.70;56;3335.00
24.70;56;3336.00
24.70;56;3337.00
24.70;56;3338.00
24.70;56;3339.00
24.70;56;3340.00
24.70;56;3341.00
24.80;56;3342.00
24.80;56;3343.00
24.70;56;3344.00
24.70;56;3345.00
24.70;56;3346.00
24.70;56;3347.00
24.70;56;3348.00
24.70;56;3349.00
24.70;56;3350.00
24.70;56;3351.00
24.70;56;3352.00
24.70;56;3353.00
24.70;56;3354.00
24.70;56;3355.00
24.70;56;3356.00
24.70;56;3357.00
24.70;56;3358.00
24.70;56;3359.00
24.70;57;3360.00
24.70;57;3361.00
24.70;57;3362.00
24.70;57;3363.00
24.70;57;3364.00
24.70;57;3365.00
24.70;57;3366.00
24.70;57;3367.00
24.80;57;3368.00
24.80;57;3369.00
24.70;57;3370.00
24.70;57;3371.00
24.70;57;3372.00
24.70;57;3373.00
24.80;57;3374.00
24.80;57;3375.00
24.70;57;3376.00
24.70;57;3377.00
24.70;57;3378.00
24.70;57;3379.00
24.70;57;3380.00
24.70;57;3381.00
24.70;57;3382.00
24.70;57;3383.00
24.70;57;3384.00
24.70;57;3385.00
24.80;57;3386.00
24.80;57;3387.00
24.80;57;3388.00
24.80;57;3389.00
24.70;57;3390.00
24.70;57;3391.00
24.70;57;3392.00
24.70;57;3393.00
24.70;57;3394.00
24.70;57;3395.00
24.80;57;3396.00
24.80;57;3397.00
24.70;57;3398.00
24.70;57;3399.00
24.70;57;3400.00
24.70;57;3401.00
24.70;57;3402.00
24.70;57;3403.00
24.70;57;3404.00
24.70;57;3405.00
24.70;57;3406.00
24.70;57;3407.00
24.70;57;3408.00
24.70;57;3409.00
24.70;57;3410.00
24.70;57;3411.00
24.70;57;3412.00
24.70;57;3413.00
24.70;57;3414.00
24.70;57;3415.00
24.80;57;3416.00
24.80;57;3417.00
24.80;57;3418.00
24.80;57;3419.00
24.80;58;3420.00
24.80;58;3421.00
24.80;58;3422.00
24.80;58;3423.00
24.80;58;3424.00
24.80;58;3425.00
24.80;58;3426.00
24.80;58;3427.00
24.80;58;3428.00
24.80;58;3429.00
24.80;58;3430.00
24.80;58;3431.00
24.80;58;3432.00
24.80;58;3433.00
24.80;58;3434.00
24.80;58;3435.00
24.80;58;3436.00
24.80;58;3437.00
24.80;58;3438.00
24.80;58;3439.00
24.80;58;3440.00
24.80;58;3441.00
24.80;58;3442.00
24.80;58;3443.00
24.80;58;3444.00
24.80;58;3445.00
24.80;58;3446.00
24.80;58;3447.00
24.80;58;3448.00
24.80;58;3449.00
24.80;58;3450.00
24.80;58;3451.00
24.80;58;3452.00
24.80;58;3453.00
24.80;58;3454.00
24.80;58;3455.00
24.80;58;3456.00
24.80;58;3457.00
24.80;58;3458.00
24.80;58;3459.00
24.80;58;3460.00
24.80;58;3461.00
24.80;58;3462.00
24.80;58;3463.00
24.80;58;3464.00
24.80;58;3465.00
24.80;58;3466.00
24.80;58;3467.00
24.80;58;3468.00
24.80;58;3469.00
24.80;58;3470.00
24.80;58;3471.00
24.80;58;3472.00
24.80;58;3473.00
24.80;58;3474.00
24.80;58;3475.00
24.80;58;3476.00
24.80;58;3477.00
24.80;58;3478.00
24.80;58;3479.00
24.80;59;3480.00
24.80;59;3481.00
24.80;59;3482.00
24.80;59;3483.00
24.80;59;3484.00
24.80;59;3485.00
24.80;59;3486.00
24.80;59;3487.00
24.80;59;3488.00
24.80;59;3489.00
24.80;59;3490.00
24.80;59;3491.00
24.80;59;3492.00
24.80;59;3493.00
24.80;59;3494.00
24.80;59;3495.00
24.80;59;3496.00
24.80;59;3497.00
24.80;59;3498.00
24.80;59;3499.00
24.80;59;3500.00
24.80;59;3501.00
24.80;59;3502.00
24.80;59;3503.00
24.80;59;3504.00
24.80;59;3505.00
24.80;59;3506.00
24.80;59;3507.00
24.80;59;3508.00
24.80;59;3509.00
24.80;59;3510.00
24.80;59;3511.00
24.80;59;3512.00
24.80;59;3513.00
24.80;59;3514.00
24.80;59;3515.00
24.80;59;3516.00
24.80;59;3517.00
24.80;59;3518.00
24.80;59;3519.00
24.80;59;3520.00
24.80;59;3521.00
24.70;59;3522.00
24.70;59;3523.00
24.80;59;3524.00
24.80;59;3525.00
24.80;59;3526.00
24.80;59;3527.00
24.80;59;3528.00
24.80;59;3529.00
24.70;59;3530.00
24.70;59;3531.00
24.80;59;3532.00
24.80;59;3533.00
24.80;59;3534.00
24.80;59;3535.00
24.80;59;3536.00
24.80;59;3537.00
24.80;59;3538.00
24.80;59;3539.00
24.80;60;3540.00
24.80;60;3541.00
24.80;60;3542.00
24.80;60;3543.00
24.80;60;3544.00
24.80;60;3545.00
24.80;60;3546.00
24.80;60;3547.00
24.80;60;3548.00
24.80;60;3549.00
24.80;60;3550.00
24.80;60;3551.00
24.80;60;3552.00
24.80;60;3553.00
24.80;60;3554.00
24.80;60;3555.00
24.80;60;3556.00
24.80;60;3557.00
24.80;60;3558.00
24.80;60;3559.00
24.80;60;3560.00
24.80;60;3561.00
24.80;60;3562.00
24.80;60;3563.00
24.80;60;3564.00
24.80;60;3565.00
24.70;60;3566.00
24.70;60;3567.00
24.70;60;3568.00
24.70;60;3569.00
24.80;60;3570.00
24.80;60;3571.00
24.80;60;3572.00
24.80;60;3573.00
24.80;60;3574.00
24.80;60;3575.00
24.80;60;3576.00
24.80;60;3577.00
24.80;60;3578.00
24.80;60;3579.00
24.80;60;3580.00
24.80;60;3581.00
24.80;60;3582.00
24.80;60;3583.00
24.70;60;3584.00
24.70;60;3585.00
24.70;60;3586.00
24.70;60;3587.00
24.70;60;3588.00
24.70;60;3589.00
24.70;60;3590.00
24.70;60;3591.00
24.70;60;3592.00
24.70;60;3593.00
24.70;60;3594.00
24.70;60;3595.00
24.70;60;3596.00
24.70;60;3597.00
24.70;60;3598.00
24.70;60;3599.00
24.70;61;3600.00
24.70;61;3601.00
24.70;61;3602.00
24.70;61;3603.00
24.70;61;3604.00
24.70;61;3605.00
24.70;61;3606.00
24.70;61;3607.00
24.70;61;3608.00
24.70;61;3609.00
24.70;61;3610.00
24.70;61;3611.00
24.70;61;3612.00
24.70;61;3613.00
24.70;61;3614.00
24.70;61;3615.00
24.70;61;3616.00
24.70;61;3617.00
24.70;61;3618.00
24.70;61;3619.00
24.70;61;3620.00
24.70;61;3621.00
24.70;61;3622.00
24.70;61;3623.00
24.70;61;3624.00
24.70;61;3625.00
24.70;61;3626.00
24.70;61;3627.00
24.70;61;3628.00
24.70;61;3629.00
24.70;61;3630.00
24.70;61;3631.00
24.70;61;3632.00
24.70;61;3633.00
24.70;61;3634.00
24.70;61;3635.00
24.70;61;3636.00
24.70;61;3637.00
24.70;61;3638.00
24.70;61;3639.00
24.70;61;3640.00
24.70;61;3641.00
24.70;61;3642.00
24.70;61;3643.00
24.70;61;3644.00
24.70;61;3645.00
24.60;61;3646.00
24.60;61;3647.00
24.60;61;3648.00
24.60;61;3649.00
24.70;61;3650.00
24.70;61;3651.00
24.60;61;3652.00
24.60;61;3653.00
24.70;61;3654.00
24.70;61;3655.00
24.60;61;3656.00
24.60;61;3657.00
24.70;61;3658.00
24.70;61;3659.00
24.70;62;3660.00
24.70;62;3661.00
24.60;62;3662.00
24.60;62;3663.00
24.70;62;3664.00
24.70;62;3665.00
24.60;62;3666.00
24.60;62;3667.00
24.70;62;3668.00
24.70;62;3669.00
24.60;62;3670.00
24.60;62;3671.00
24.70;62;3672.00
24.70;62;3673.00
24.60;62;3674.00
24.60;62;3675.00
24.70;62;3676.00
24.70;62;3677.00
24.60;62;3678.00
24.60;62;3679.00
24.70;62;3680.00
24.70;62;3681.00
24.60;62;3682.00
24.60;62;3683.00
24.60;62;3684.00
24.60;62;3685.00
24.60;62;3686.00
24.60;62;3687.00
24.60;62;3688.00
24.60;62;3689.00
24.60;62;3690.00
24.60;62;3691.00
24.60;62;3692.00
24.60;62;3693.00
24.60;62;3694.00
24.60;62;3695.00
24.60;62;3696.00
24.60;62;3697.00
24.60;62;3698.00
24.60;62;3699.00
24.60;62;3700.00
24.60;62;3701.00
24.60;62;3702.00
24.60;62;3703.00
24.60;62;3704.00
24.60;62;3705.00
24.60;62;3706.00
24.60;62;3707.00
24.60;62;3708.00
24.60;62;3709.00
24.60;62;3710.00
24.60;62;3711.00
24.60;62;3712.00
24.60;62;3713.00
24.60;62;3714.00
24.60;62;3715.00
24.60;62;3716.00
24.60;62;3717.00
24.60;62;3718.00
24.60;62;3719.00
24.50;63;3720.00
24.50;63;3721.00
24.60;63;3722.00
24.60;63;3723.00
24.60;63;3724.00
24.60;63;3725.00
24.60;63;3726.00
24.60;63;3727.00
24.60;63;3728.00
24.60;63;3729.00
24.60;63;3730.00
24.60;63;3731.00
24.60;63;3732.00
24.60;63;3733.00
24.60;63;3734.00
24.60;63;3735.00
24.60;63;3736.00
24.60;63;3737.00
24.60;63;3738.00
24.60;63;3739.00
24.60;63;3740.00
24.60;63;3741.00
24.60;63;3742.00
24.60;63;3743.00
24.60;63;3744.00
24.60;63;3745.00
24.60;63;3746.00
24.60;63;3747.00
24.60;63;3748.00
24.60;63;3749.00
24.60;63;3750.00
24.60;63;3751.00
24.60;63;3752.00
24.60;63;3753.00
24.60;63;3754.00
24.60;63;3755.00
24.60;63;3756.00
24.60;63;3757.00
24.60;63;3758.00
24.60;63;3759.00
24.60;63;3760.00
24.60;63;3761.00
24.60;63;3762.00
24.60;63;3763.00
24.60;63;3764.00
24.60;63;3765.00
24.60;63;3766.00
24.60;63;3767.00
24.50;63;3768.00
24.50;63;3769.00
24.60;63;3770.00
24.60;63;3771.00
24.60;63;3772.00
24.60;63;3773.00
24.60;63;3774.00
24.60;63;3775.00
24.60;63;3776.00
24.60;63;3777.00
24.50;63;3778.00
24.50;63;3779.00
24.60;64;3780.00
24.60;64;3781.00
24.60;64;3782.00
24.60;64;3783.00
24.60;64;3784.00
24.60;64;3785.00
24.50;64;3786.00
24.50;64;3787.00
24.60;64;3788.00
24.60;64;3789.00
24.50;64;3790.00
24.50;64;3791.00
24.50;64;3792.00
24.50;64;3793.00
24.60;64;3794.00
24.60;64;3795.00
24.50;64;3796.00
24.50;64;3797.00
24.60;64;3798.00
24.60;64;3799.00
24.60;64;3800.00
24.60;64;3801.00
24.60;64;3802.00
24.60;64;3803.00
24.60;64;3804.00
24.60;64;3805.00
24.60;64;3806.00
24.60;64;3807.00
24.60;64;3808.00
24.60;64;3809.00
24.50;64;3810.00
24.50;64;3811.00
24.50;64;3812.00
24.50;64;3813.00
24.50;64;3814.00
24.50;64;3815.00
24.50;64;3816.00
24.50;64;3817.00
24.60;64;3818.00
24.60;64;3819.00
24.50;64;3820.00
24.50;64;3821.00
24.50;64;3822.00
24.50;64;3823.00
24.50;64;3824.00
24.50;64;3825.00
24.50;64;3826.00
24.50;64;3827.00
24.50;64;3828.00
24.50;64;3829.00
24.50;64;3830.00
24.50;64;3831.00
24.50;64;3832.00
24.50;64;3833.00
24.50;64;3834.00
24.50;64;3835.00
24.50;64;3836.00
24.50;64;3837.00
24.50;64;3838.00
24.50;64;3839.00
24.50;65;3840.00
24.50;65;3841.00
24.50;65;3842.00
24.50;65;3843.00
24.50;65;3844.00
24.50;65;3845.00
24.50;65;3846.00
24.50;65;3847.00
24.50;65;3848.00
24.50;65;3849.00
24.50;65;3850.00
24.50;65;3851.00
24.50;65;3852.00
24.50;65;3853.00
24.50;65;3854.00
24.50;65;3855.00
24.50;65;3856.00
24.50;65;3857.00
24.50;65;3858.00
24.50;65;3859.00
24.50;65;3860.00
24.50;65;3861.00
24.50;65;3862.00
24.50;65;3863.00
24.40;65;3864.00
24.40;65;3865.00
24.50;65;3866.00
24.50;65;3867.00
24.50;65;3868.00
24.50;65;3869.00
24.50;65;3870.00
24.50;65;3871.00
24.40;65;3872.00
24.40;65;3873.00
24.50;65;3874.00
24.50;65;3875.00
24.40;65;3876.00
24.40;65;3877.00
24.40;65;3878.00
24.40;65;3879.00
24.40;65;3880.00
24.40;65;3881.00
24.40;65;3882.00
24.40;65;3883.00
24.40;65;3884.00
24.40;65;3885.00
24.40;65;3886.00
24.40;65;3887.00
24.40;65;3888.00
24.40;65;3889.00
24.40;65;3890.00
24.40;65;3891.00
24.40;65;3892.00
24.40;65;3893.00
24.40;65;3894.00
24.40;65;3895.00
24.40;65;3896.00
24.40;65;3897.00
24.40;65;3898.00
24.40;65;3899.00
24.50;66;3900.00
24.50;66;3901.00
24.50;66;3902.00
24.50;66;3903.00
24.40;66;3904.00
24.40;66;3905.00
24.40;66;3906.00
24.40;66;3907.00
24.40;66;3908.00
24.40;66;3909.00
24.40;66;3910.00
24.40;66;3911.00
24.50;66;3912.00
24.50;66;3913.00
24.40;66;3914.00
24.40;66;3915.00
24.40;66;3916.00
24.40;66;3917.00
24.50;66;3918.00
24.50;66;3919.00
24.40;66;3920.00
24.40;66;3921.00
24.40;66;3922.00
24.40;66;3923.00
24.40;66;3924.00
24.40;66;3925.00
24.50;66;3926.00
24.50;66;3927.00
24.40;66;3928.00
24.40;66;3929.00
24.50;66;3930.00
24.50;66;3931.00
24.40;66;3932.00
24.40;66;3933.00
24.50;66;3934.00
24.50;66;3935.00
24.40;66;3936.00
24.40;66;3937.00
24.40;66;3938.00
24.40;66;3939.00
24.40;66;3940.00
24.40;66;3941.00
24.40;66;3942.00
24.40;66;3943.00
24.40;66;3944.00
24.40;66;3945.00
24.40;66;3946.00
24.40;66;3947.00
24.40;66;3948.00
24.40;66;3949.00
24.40;66;3950.00
24.40;66;3951.00
24.40;66;3952.00
24.40;66;3953.00
24.40;66;3954.00
24.40;66;3955.00
24.40;66;3956.00
24.40;66;3957.00
24.40;66;3958.00
24.40;66;3959.00
24.40;67;3960.00
24.40;67;3961.00
24.30;67;3962.00
24.30;67;3963.00
24.40;67;3964.00
24.40;67;3965.00
24.40;67;3966.00
24.40;67;3967.00
24.30;67;3968.00
24.30;67;3969.00
24.30;67;3970.00
24.30;67;3971.00
24.40;67;3972.00
24.40;67;3973.00
24.40;67;3974.00
24.40;67;3975.00
24.40;67;3976.00
24.40;67;3977.00
24.40;67;3978.00
24.40;67;3979.00
24.40;67;3980.00
24.40;67;3981.00
24.40;67;3982.00
24.40;67;3983.00
24.30;67;3984.00
24.30;67;3985.00
24.40;67;3986.00
24.40;67;3987.00
24.30;67;3988.00
24.30;67;3989.00
24.40;67;3990.00
24.40;67;3991.00
24.40;67;3992.00
24.40;67;3993.00
24.30;67;3994.00
24.30;67;3995.00
24.30;67;3996.00
24.30;67;3997.00
24.40;67;3998.00
24.40;67;3999.00
24.30;67;4000.00
24.30;67;4001.00
24.30;67;4002.00
24.30;67;4003.00
24.30;67;4004.00
24.30;67;4005.00
24.30;67;4006.00
24.30;67;4007.00
24.30;67;4008.00
24.30;67;4009.00
24.30;67;4010.00
24.30;67;4011.00
24.30;67;4012.00
24.30;67;4013.00
24.30;67;4014.00
24.30;67;4015.00
24.30;67;4016.00
24.30;67;4017.00
24.30;67;4018.00
24.30;67;4019.00
24.30;68;4020.00
24.30;68;4021.00
24.30;68;4022.00
24.30;68;4023.00
24.30;68;4024.00
24.30;68;4025.00
24.30;68;4026.00
24.30;68;4027.00
24.30;68;4028.00
24.30;68;4029.00
24.30;68;4030.00
24.30;68;4031.00
24.30;68;4032.00
24.30;68;4033.00
24.30;68;4034.00
24.30;68;4035.00
24.30;68;4036.00
24.30;68;4037.00
24.30;68;4038.00
24.30;68;4039.00
24.30;68;4040.00
24.30;68;4041.00
24.30;68;4042.00
24.30;68;4043.00
24.30;68;4044.00
24.30;68;4045.00
24.30;68;4046.00
24.30;68;4047.00
24.30;68;4048.00
24.30;68;4049.00
24.30;68;4050.00
24.30;68;4051.00
24.30;68;4052.00
24.30;68;4053.00
24.30;68;4054.00
24.30;68;4055.00
24.30;68;4056.00
24.30;68;4057.00
24.20;68;4058.00
24.20;68;4059.00
24.30;68;4060.00
24.30;68;4061.00
24.20;68;4062.00
24.20;68;4063.00
24.30;68;4064.00
24.30;68;4065.00
24.20;68;4066.00
24.20;68;4067.00
24.30;68;4068.00
24.30;68;4069.00
24.20;68;4070.00
24.20;68;4071.00
24.30;68;4072.00
24.30;68;4073.00
24.20;68;4074.00
24.20;68;4075.00
24.20;68;4076.00
24.20;68;4077.00
24.20;68;4078.00
24.20;68;4079.00
24.20;69;4080.00
24.20;69;4081.00
24.20;69;4082.00
24.20;69;4083.00
24.20;69;4084.00
24.20;69;4085.00
24.20;69;4086.00
24.20;69;4087.00
24.20;69;4088.00
24.20;69;4089.00
24.20;69;4090.00
24.20;69;4091.00
24.20;69;4092.00
24.20;69;4093.00
24.20;69;4094.00
24.20;69;4095.00
24.20;69;4096.00
24.20;69;4097.00
24.20;69;4098.00
24.20;69;4099.00
24.20;69;4100.00
24.20;69;4101.00
24.20;69;4102.00
24.20;69;4103.00
24.20;69;4104.00
24.20;69;4105.00
24.20;69;4106.00
24.20;69;4107.00
24.20;69;4108.00
24.20;69;4109.00
24.20;69;4110.00
24.20;69;4111.00
24.20;69;4112.00
24.20;69;4113.00
24.20;69;4114.00
24.20;69;4115.00
24.20;69;4116.00
24.20;69;4117.00
24.20;69;4118.00
24.20;69;4119.00
24.20;69;4120.00
24.20;69;4121.00
24.20;69;4122.00
24.20;69;4123.00
24.20;69;4124.00
24.20;69;4125.00
24.20;69;4126.00
24.20;69;4127.00
24.20;69;4128.00
24.20;69;4129.00
24.20;69;4130.00
24.20;69;4131.00
24.20;69;4132.00
24.20;69;4133.00
24.20;69;4134.00
24.20;69;4135.00
24.20;69;4136.00
24.20;69;4137.00
24.20;69;4138.00
24.20;69;4139.00
24.20;70;4140.00
24.20;70;4141.00
24.20;70;4142.00
24.20;70;4143.00
24.20;70;4144.00
24.20;70;4145.00
24.20;70;4146.00
24.20;70;4147.00
24.20;70;4148.00
24.20;70;4149.00
24.20;70;4150.00
24.20;70;4151.00
24.10;70;4152.00
24.10;70;4153.00
24.20;70;4154.00
24.20;70;4155.00
24.10;70;4156.00
24.10;70;4157.00
24.10;70;4158.00
24.10;70;4159.00
24.10;70;4160.00
24.10;70;4161.00
24.10;70;4162.00
24.10;70;4163.00
24.10;70;4164.00
24.10;70;4165.00
24.20;70;4166.00
24.20;70;4167.00
24.20;70;4168.00
24.20;70;4169.00
24.20;70;4170.00
24.20;70;4171.00
24.10;70;4172.00
24.10;70;4173.00
24.10;70;4174.00
24.10;70;4175.00
24.10;70;4176.00
24.10;70;4177.00
24.10;70;4178.00
24.10;70;4179.00
24.10;70;4180.00
24.10;70;4181.00
24.10;70;4182.00
24.10;70;4183.00
24.10;70;4184.00
24.10;70;4185.00
24.10;70;4186.00
24.10;70;4187.00
24.10;70;4188.00
24.10;70;4189.00
24.10;70;4190.00
24.10;70;4191.00
24.10;70;4192.00
24.10;70;4193.00
24.10;70;4194.00
24.10;70;4195.00
24.10;70;4196.00
24.10;70;4197.00
24.10;70;4198.00
24.10;70;4199.00
24.10;71;4200.00
24.10;71;4201.00
24.00;71;4202.00
24.00;71;4203.00
24.10;71;4204.00
24.10;71;4205.00
24.00;71;4206.00
24.00;71;4207.00
24.10;71;4208.00
24.10;71;4209.00
24.00;71;4210.00
24.00;71;4211.00
24.10;71;4212.00
24.10;71;4213.00
24.00;71;4214.00
24.00;71;4215.00
24.00;71;4216.00
24.00;71;4217.00
24.00;71;4218.00
24.00;71;4219.00
24.00;71;4220.00
24.00;71;4221.00
24.00;71;4222.00
24.00;71;4223.00
24.00;71;4224.00
24.00;71;4225.00
24.00;71;4226.00
24.00;71;4227.00
24.00;71;4228.00
24.00;71;4229.00
24.00;71;4230.00
24.00;71;4231.00
24.00;71;4232.00
24.00;71;4233.00
24.00;71;4234.00
24.00;71;4235.00
24.00;71;4236.00
24.00;71;4237.00
24.00;71;4238.00
24.00;71;4239.00
24.00;71;4240.00
24.00;71;4241.00
24.00;71;4242.00
24.00;71;4243.00
24.00;71;4244.00
24.00;71;4245.00
24.00;71;4246.00
24.00;71;4247.00
24.00;71;4248.00
24.00;71;4249.00
24.00;71;4250.00
24.00;71;4251.00
24.00;71;4252.00
24.00;71;4253.00
24.00;71;4254.00
24.00;71;4255.00
24.00;71;4256.00
24.00;71;4257.00
24.00;71;4258.00
24.00;71;4259.00
24.00;72;4260.00
24.00;72;4261.00
24.00;72;4262.00
24.00;72;4263.00
24.00;72;4264.00
24.00;72;4265.00
24.00;72;4266.00
24.00;72;4267.00
24.00;72;4268.00
24.00;72;4269.00
24.00;72;4270.00
24.00;72;4271.00
24.00;72;4272.00
24.00;72;4273.00
24.00;72;4274.00
24.00;72;4275.00
24.00;72;4276.00
24.00;72;4277.00
24.00;72;4278.00
24.00;72;4279.00
24.00;72;4280.00
24.00;72;4281.00
24.00;72;4282.00
24.00;72;4283.00
24.00;72;4284.00
24.00;72;4285.00
24.00;72;4286.00
24.00;72;4287.00
24.00;72;4288.00
24.00;72;4289.00
24.00;72;4290.00
24.00;72;4291.00
24.00;72;4292.00
24.00;72;4293.00
23.90;72;4294.00
23.90;72;4295.00
23.90;72;4296.00
23.90;72;4297.00
24.00;72;4298.00
24.00;72;4299.00
23.90;72;4300.00
23.90;72;4301.00
23.90;72;4302.00
23.90;72;4303.00
23.90;72;4304.00
23.90;72;4305.00
24.00;72;4306.00
24.00;72;4307.00
23.90;72;4308.00
23.90;72;4309.00
24.00;72;4310.00
24.00;72;4311.00
23.90;72;4312.00
23.90;72;4313.00
23.90;72;4314.00
23.90;72;4315.00
23.90;72;4316.00
23.90;72;4317.00
23.90;72;4318.00
23.90;72;4319.00
23.90;73;4320.00
23.90;73;4321.00
24.00;73;4322.00
24.00;73;4323.00
23.90;73;4324.00
23.90;73;4325.00
23.90;73;4326.00
23.90;73;4327.00
23.90;73;4328.00
23.90;73;4329.00
23.90;73;4330.00
23.90;73;4331.00
23.90;73;4332.00
23.90;73;4333.00
23.90;73;4334.00
23.90;73;4335.00
24.00;73;4336.00
24.00;73;4337.00
23.90;73;4338.00
23.90;73;4339.00
23.90;73;4340.00
23.90;73;4341.00
23.90;73;4342.00
23.90;73;4343.00
23.90;73;4344.00
23.90;73;4345.00
23.90;73;4346.00
23.90;73;4347.00
23.90;73;4348.00
23.90;73;4349.00
23.90;73;4350.00
23.90;73;4351.00
23.90;73;4352.00
23.90;73;4353.00
23.90;73;4354.00
23.90;73;4355.00
23.90;73;4356.00
23.90;73;4357.00
23.90;73;4358.00
23.90;73;4359.00
23.90;73;4360.00
23.90;73;4361.00
23.90;73;4362.00
23.90;73;4363.00
23.90;73;4364.00
23.90;73;4365.00
23.90;73;4366.00
23.90;73;4367.00
23.90;73;4368.00
23.90;73;4369.00
23.90;73;4370.00
23.90;73;4371.00
23.90;73;4372.00
23.90;73;4373.00
23.90;73;4374.00
23.90;73;4375.00
23.90;73;4376.00
23.90;73;4377.00
23.80;73;4378.00
23.80;73;4379.00
23.80;74;4380.00
23.80;74;4381.00
23.80;74;4382.00
23.80;74;4383.00
23.80;74;4384.00
23.80;74;4385.00
23.80;74;4386.00
23.80;74;4387.00
23.80;74;4388.00
23.80;74;4389.00
23.90;74;4390.00
23.90;74;4391.00
23.80;74;4392.00
23.80;74;4393.00
23.80;74;4394.00
23.80;74;4395.00
23.90;74;4396.00
23.90;74;4397.00
23.80;74;4398.00
23.80;74;4399.00
23.80;74;4400.00
23.80;74;4401.00
23.80;74;4402.00
23.80;74;4403.00
23.80;74;4404.00
23.80;74;4405.00
23.80;74;4406.00
23.80;74;4407.00
23.80;74;4408.00
23.80;74;4409.00
23.80;74;4410.00
23.80;74;4411.00
23.80;74;4412.00
23.80;74;4413.00
23.80;74;4414.00
23.80;74;4415.00
23.80;74;4416.00
23.80;74;4417.00
23.80;74;4418.00
23.80;74;4419.00
23.80;74;4420.00
23.80;74;4421.00
23.80;74;4422.00
23.80;74;4423.00
23.80;74;4424.00
23.80;74;4425.00
23.80;74;4426.00
23.80;74;4427.00
23.80;74;4428.00
23.80;74;4429.00
23.80;74;4430.00
23.80;74;4431.00
23.80;74;4432.00
23.80;74;4433.00
23.80;74;4434.00
23.80;74;4435.00
23.80;74;4436.00
23.80;74;4437.00
23.80;74;4438.00
23.80;74;4439.00
23.80;75;4440.00
23.80;75;4441.00
23.80;75;4442.00
23.80;75;4443.00
23.80;75;4444.00
23.80;75;4445.00
23.80;75;4446.00
23.80;75;4447.00
23.80;75;4448.00
23.80;75;4449.00
23.80;75;4450.00
23.80;75;4451.00
23.80;75;4452.00
23.80;75;4453.00
23.80;75;4454.00
23.80;75;4455.00
23.80;75;4456.00
23.80;75;4457.00
23.80;75;4458.00
23.80;75;4459.00
23.80;75;4460.00
23.80;75;4461.00
23.70;75;4462.00
23.70;75;4463.00
23.70;75;4464.00
23.70;75;4465.00
23.70;75;4466.00
23.70;75;4467.00
23.80;75;4468.00
23.80;75;4469.00
23.80;75;4470.00
23.80;75;4471.00
23.80;75;4472.00
23.80;75;4473.00
23.80;75;4474.00
23.80;75;4475.00
23.80;75;4476.00
23.80;75;4477.00
23.70;75;4478.00
23.70;75;4479.00
23.80;75;4480.00
23.80;75;4481.00
23.80;75;4482.00
23.80;75;4483.00
23.80;75;4484.00
23.80;75;4485.00
23.80;75;4486.00
23.80;75;4487.00
23.70;75;4488.00
23.70;75;4489.00
23.70;75;4490.00
23.70;75;4491.00
23.80;75;4492.00
23.80;75;4493.00
23.70;75;4494.00
23.70;75;4495.00
23.70;75;4496.00
23.70;75;4497.00
23.80;75;4498.00
23.80;75;4499.00
23.80;76;4500.00
23.80;76;4501.00
23.70;76;4502.00
23.70;76;4503.00
23.70;76;4504.00
23.70;76;4505.00
23.70;76;4506.00
23.70;76;4507.00
23.70;76;4508.00
23.70;76;4509.00
23.70;76;4510.00
23.70;76;4511.00
23.70;76;4512.00
23.70;76;4513.00
23.70;76;4514.00
23.70;76;4515.00
23.70;76;4516.00
23.70;76;4517.00
23.70;76;4518.00
23.70;76;4519.00
23.70;76;4520.00
23.70;76;4521.00
23.70;76;4522.00
23.70;76;4523.00
23.70;76;4524.00
23.70;76;4525.00
23.70;76;4526.00
23.70;76;4527.00
23.70;76;4528.00
23.70;76;4529.00
23.70;76;4530.00
23.70;76;4531.00
23.70;76;4532.00
23.70;76;4533.00
23.70;76;4534.00
23.70;76;4535.00
23.70;76;4536.00
23.70;76;4537.00
23.70;76;4538.00
23.70;76;4539.00
23.70;76;4540.00
23.70;76;4541.00
23.70;76;4542.00
23.70;76;4543.00
23.70;76;4544.00
23.70;76;4545.00
23.70;76;4546.00
23.70;76;4547.00
23.70;76;4548.00
23.70;76;4549.00
23.70;76;4550.00
23.70;76;4551.00
23.70;76;4552.00
23.70;76;4553.00
23.60;76;4554.00
23.60;76;4555.00
23.60;76;4556.00
23.60;76;4557.00
23.60;76;4558.00
23.60;76;4559.00
23.60;77;4560.00
23.60;77;4561.00
23.60;77;4562.00
23.60;77;4563.00
23.60;77;4564.00
23.60;77;4565.00
23.60;77;4566.00
23.60;77;4567.00
23.60;77;4568.00
23.60;77;4569.00
23.60;77;4570.00
23.60;77;4571.00
23.60;77;4572.00
23.60;77;4573.00
23.60;77;4574.00
23.60;77;4575.00
23.60;77;4576.00
23.60;77;4577.00
23.60;77;4578.00
23.60;77;4579.00
23.60;77;4580.00
23.60;77;4581.00
23.60;77;4582.00
23.60;77;4583.00
23.60;77;4584.00
23.60;77;4585.00
23.60;77;4586.00
23.60;77;4587.00
23.60;77;4588.00
23.60;77;4589.00
23.60;77;4590.00
23.60;77;4591.00
23.60;77;4592.00
23.60;77;4593.00
23.60;77;4594.00
23.60;77;4595.00
23.60;77;4596.00
23.60;77;4597.00
23.60;77;4598.00
23.60;77;4599.00
23.60;77;4600.00
23.60;77;4601.00
23.60;77;4602.00
23.60;77;4603.00
23.60;77;4604.00
23.60;77;4605.00
23.60;77;4606.00
23.60;77;4607.00
23.60;77;4608.00
23.60;77;4609.00
23.60;77;4610.00
23.60;77;4611.00
23.60;77;4612.00
23.60;77;4613.00
23.60;77;4614.00
23.60;77;4615.00
23.60;77;4616.00
23.60;77;4617.00
23.60;77;4618.00
23.60;77;4619.00
23.60;78;4620.00
23.60;78;4621.00
23.60;78;4622.00
23.60;78;4623.00
23.60;78;4624.00
23.60;78;4625.00
23.50;78;4626.00
23.50;78;4627.00
23.60;78;4628.00
23.60;78;4629.00
23.60;78;4630.00
23.60;78;4631.00
23.50;78;4632.00
23.50;78;4633.00
23.50;78;4634.00
23.50;78;4635.00
23.50;78;4636.00
23.50;78;4637.00
23.50;78;4638.00
23.50;78;4639.00
23.50;78;4640.00
23.50;78;4641.00
23.50;78;4642.00
23.50;78;4643.00
23.60;78;4644.00
23.60;78;4645.00
23.50;78;4646.00
23.50;78;4647.00
23.50;78;4648.00
23.50;78;4649.00
23.50;78;4650.00
23.50;78;4651.00
23.50;78;4652.00
23.50;78;4653.00
23.50;78;4654.00
23.50;78;4655.00
23.50;78;4656.00
23.50;78;4657.00
23.50;78;4658.00
23.50;78;4659.00
23.50;78;4660.00
23.50;78;4661.00
23.50;78;4662.00
23.50;78;4663.00
23.50;78;4664.00
23.50;78;4665.00
23.50;78;4666.00
23.50;78;4667.00
23.50;78;4668.00
23.50;78;4669.00
23.50;78;4670.00
23.50;78;4671.00
23.50;78;4672.00
23.50;78;4673.00
23.50;78;4674.00
23.50;78;4675.00
23.50;78;4676.00
23.50;78;4677.00
23.50;78;4678.00
23.50;78;4679.00
23.50;79;4680.00
23.50;79;4681.00
23.50;79;4682.00
23.50;79;4683.00
23.50;79;4684.00
23.50;79;4685.00
23.50;79;4686.00
23.50;79;4687.00
23.50;79;4688.00
23.50;79;4689.00
23.50;79;4690.00
23.50;79;4691.00
23.50;79;4692.00
23.50;79;4693.00
23.50;79;4694.00
23.50;79;4695.00
23.50;79;4696.00
23.50;79;4697.00
23.50;79;4698.00
23.50;79;4699.00
23.50;79;4700.00
23.50;79;4701.00
23.50;79;4702.00
23.50;79;4703.00
23.50;79;4704.00
23.50;79;4705.00
23.50;79;4706.00
23.50;79;4707.00
23.50;79;4708.00
23.50;79;4709.00
23.50;79;4710.00
23.50;79;4711.00
23.40;79;4712.00
23.40;79;4713.00
23.40;79;4714.00
23.40;79;4715.00
23.40;79;4716.00
23.40;79;4717.00
23.40;79;4718.00
23.40;79;4719.00
23.40;79;4720.00
23.40;79;4721.00
23.40;79;4722.00
23.40;79;4723.00
23.40;79;4724.00
23.40;79;4725.00
23.40;79;4726.00
23.40;79;4727.00
23.40;79;4728.00
23.40;79;4729.00
23.40;79;4730.00
23.40;79;4731.00
23.40;79;4732.00
23.40;79;4733.00
23.40;79;4734.00
23.40;79;4735.00
23.40;79;4736.00
23.40;79;4737.00
23.40;79;4738.00
23.40;79;4739.00
23.40;80;4740.00
23.40;80;4741.00
23.40;80;4742.00
23.40;80;4743.00
23.40;80;4744.00
23.40;80;4745.00
23.40;80;4746.00
23.40;80;4747.00
23.40;80;4748.00
23.40;80;4749.00
23.40;80;4750.00
23.40;80;4751.00
23.40;80;4752.00
23.40;80;4753.00
23.40;80;4754.00
23.40;80;4755.00
23.40;80;4756.00
23.40;80;4757.00
23.40;80;4758.00
23.40;80;4759.00
23.40;80;4760.00
23.40;80;4761.00
23.40;80;4762.00
23.40;80;4763.00
23.40;80;4764.00
23.40;80;4765.00
23.40;80;4766.00
23.40;80;4767.00
23.40;80;4768.00
23.40;80;4769.00
23.40;80;4770.00
23.40;80;4771.00
23.30;80;4772.00
23.30;80;4773.00
23.30;80;4774.00
23.30;80;4775.00
23.30;80;4776.00
23.30;80;4777.00
23.30;80;4778.00
23.30;80;4779.00
23.40;80;4780.00
23.40;80;4781.00
23.30;80;4782.00
23.30;80;4783.00
23.30;80;4784.00
23.30;80;4785.00
23.30;80;4786.00
23.30;80;4787.00
23.30;80;4788.00
23.30;80;4789.00
23.30;80;4790.00
23.30;80;4791.00
23.30;80;4792.00
23.30;80;4793.00
23.30;80;4794.00
23.30;80;4795.00
23.30;80;4796.00
23.30;80;4797.00
23.30;80;4798.00
23.30;80;4799.00
23.30;81;4800.00
23.30;81;4801.00
23.20;81;4802.00
23.20;81;4803.00
23.30;81;4804.00
23.30;81;4805.00
23.20;81;4806.00
23.20;81;4807.00
23.30;81;4808.00
23.30;81;4809.00
23.30;81;4810.00
23.30;81;4811.00
23.30;81;4812.00
23.30;81;4813.00
23.30;81;4814.00
23.30;81;4815.00
23.30;81;4816.00
23.30;81;4817.00
23.30;81;4818.00
23.30;81;4819.00
23.30;81;4820.00
23.30;81;4821.00
23.30;81;4822.00
23.30;81;4823.00
23.20;81;4824.00
23.20;81;4825.00
23.20;81;4826.00
23.20;81;4827.00
23.20;81;4828.00
23.20;81;4829.00
23.20;81;4830.00
23.20;81;4831.00
23.20;81;4832.00
23.20;81;4833.00
23.20;81;4834.00
23.20;81;4835.00
23.20;81;4836.00
23.20;81;4837.00
23.20;81;4838.00
23.20;81;4839.00
23.20;81;4840.00
23.20;81;4841.00
23.20;81;4842.00
23.20;81;4843.00
23.20;81;4844.00
23.20;81;4845.00
23.20;81;4846.00
23.20;81;4847.00
23.20;81;4848.00
23.20;81;4849.00
23.20;81;4850.00
23.20;81;4851.00
23.20;81;4852.00
23.20;81;4853.00
23.20;81;4854.00
23.20;81;4855.00
23.20;81;4856.00
23.20;81;4857.00
23.20;81;4858.00
23.20;81;4859.00
23.20;82;4860.00
23.20;82;4861.00
23.20;82;4862.00
23.20;82;4863.00
23.20;82;4864.00
23.20;82;4865.00
23.20;82;4866.00
23.20;82;4867.00
23.20;82;4868.00
23.20;82;4869.00
23.20;82;4870.00
23.20;82;4871.00
23.20;82;4872.00
23.20;82;4873.00
23.20;82;4874.00
23.20;82;4875.00
23.20;82;4876.00
23.20;82;4877.00
23.10;82;4878.00
23.10;82;4879.00
23.10;82;4880.00
23.10;82;4881.00
23.10;82;4882.00
23.10;82;4883.00
23.10;82;4884.00
23.10;82;4885.00
23.10;82;4886.00
23.10;82;4887.00
23.10;82;4888.00
23.10;82;4889.00
23.10;82;4890.00
23.10;82;4891.00
23.10;82;4892.00
23.10;82;4893.00
23.10;82;4894.00
23.10;82;4895.00
23.10;82;4896.00
23.10;82;4897.00
23.10;82;4898.00
23.10;82;4899.00
23.10;82;4900.00
23.10;82;4901.00
23.10;82;4902.00
23.10;82;4903.00
23.10;82;4904.00
23.10;82;4905.00
23.10;82;4906.00
23.10;82;4907.00
23.10;82;4908.00
23.10;82;4909.00
23.10;82;4910.00
23.10;82;4911.00
23.10;82;4912.00
23.10;82;4913.00
23.10;82;4914.00
23.10;82;4915.00
23.10;82;4916.00
23.10;82;4917.00
23.10;82;4918.00
23.10;82;4919.00
23.00;83;4920.00
23.00;83;4921.00
23.10;83;4922.00
23.10;83;4923.00
23.10;83;4924.00
23.10;83;4925.00
23.10;83;4926.00
23.10;83;4927.00
23.10;83;4928.00
23.10;83;4929.00
23.10;83;4930.00
23.10;83;4931.00
23.10;83;4932.00
23.10;83;4933.00
23.00;83;4934.00
23.00;83;4935.00
23.00;83;4936.00
23.00;83;4937.00
23.10;83;4938.00
23.10;83;4939.00
23.00;83;4940.00
23.00;83;4941.00
23.00;83;4942.00
23.00;83;4943.00
23.00;83;4944.00
23.00;83;4945.00
23.00;83;4946.00
23.00;83;4947.00
23.00;83;4948.00
23.00;83;4949.00
23.00;83;4950.00
23.00;83;4951.00
23.00;83;4952.00
23.00;83;4953.00
23.00;83;4954.00
23.00;83;4955.00
23.00;83;4956.00
23.00;83;4957.00
23.00;83;4958.00
23.00;83;4959.00
23.00;83;4960.00
23.00;83;4961.00
23.00;83;4962.00
23.00;83;4963.00
23.00;83;4964.00
23.00;83;4965.00
23.00;83;4966.00
23.00;83;4967.00
23.00;83;4968.00
23.00;83;4969.00
23.00;83;4970.00
23.00;83;4971.00
23.00;83;4972.00
23.00;83;4973.00
23.00;83;4974.00
23.00;83;4975.00
23.00;83;4976.00
23.00;83;4977.00
23.00;83;4978.00
23.00;83;4979.00
23.00;84;4980.00
23.00;84;4981.00
23.00;84;4982.00
23.00;84;4983.00
23.00;84;4984.00
23.00;84;4985.00
23.00;84;4986.00
23.00;84;4987.00
23.00;84;4988.00
23.00;84;4989.00
23.00;84;4990.00
23.00;84;4991.00
23.00;84;4992.00
23.00;84;4993.00
23.00;84;4994.00
23.00;84;4995.00
23.00;84;4996.00
23.00;84;4997.00
22.90;84;4998.00
22.90;84;4999.00
22.90;84;5000.00
22.90;84;5001.00
22.90;84;5002.00
22.90;84;5003.00
22.90;84;5004.00
22.90;84;5005.00
22.90;84;5006.00
22.90;84;5007.00
22.90;84;5008.00
22.90;84;5009.00
22.90;84;5010.00
22.90;84;5011.00
22.90;84;5012.00
22.90;84;5013.00
22.90;84;5014.00
22.90;84;5015.00
22.90;84;5016.00
22.90;84;5017.00
22.90;84;5018.00
22.90;84;5019.00
22.90;84;5020.00
22.90;84;5021.00
22.90;84;5022.00
22.90;84;5023.00
22.90;84;5024.00
22.90;84;5025.00
22.90;84;5026.00
22.90;84;5027.00
22.90;84;5028.00
22.90;84;5029.00
22.80;84;5030.00
22.80;84;5031.00
22.90;84;5032.00
22.90;84;5033.00
22.90;84;5034.00
22.90;84;5035.00
22.90;84;5036.00
22.90;84;5037.00
22.90;84;5038.00
22.90;84;5039.00
22.90;85;5040.00
22.90;85;5041.00
22.90;85;5042.00
22.90;85;5043.00
22.90;85;5044.00
22.90;85;5045.00
22.90;85;5046.00
22.90;85;5047.00
22.90;85;5048.00
22.90;85;5049.00
22.90;85;5050.00
22.90;85;5051.00
22.90;85;5052.00
22.90;85;5053.00
22.90;85;5054.00
22.90;85;5055.00
22.90;85;5056.00
22.90;85;5057.00
22.90;85;5058.00
22.90;85;5059.00
22.90;85;5060.00
22.90;85;5061.00
22.90;85;5062.00
22.90;85;5063.00
22.90;85;5064.00
22.90;85;5065.00
22.90;85;5066.00
22.90;85;5067.00
22.90;85;5068.00
22.90;85;5069.00
22.90;85;5070.00
22.90;85;5071.00
22.80;85;5072.00
22.80;85;5073.00
22.90;85;5074.00
22.90;85;5075.00
22.80;85;5076.00
22.80;85;5077.00
22.80;85;5078.00
22.80;85;5079.00
22.80;85;5080.00
22.80;85;5081.00
22.80;85;5082.00
22.80;85;5083.00
22.80;85;5084.00
22.80;85;5085.00
22.80;85;5086.00
22.80;85;5087.00
22.80;85;5088.00
22.80;85;5089.00
22.80;85;5090.00
22.80;85;5091.00
22.80;85;5092.00
22.80;85;5093.00
22.80;85;5094.00
22.80;85;5095.00
22.80;85;5096.00
22.80;85;5097.00
22.80;85;5098.00
22.80;85;5099.00
22.80;86;5100.00
22.80;86;5101.00
22.80;86;5102.00
22.80;86;5103.00
22.80;86;5104.00
22.80;86;5105.00
22.80;86;5106.00
22.80;86;5107.00
22.80;86;5108.00
22.80;86;5109.00
22.80;86;5110.00
22.80;86;5111.00
22.80;86;5112.00
22.80;86;5113.00
22.80;86;5114.00
22.80;86;5115.00
22.80;86;5116.00
22.80;86;5117.00
22.80;86;5118.00
22.80;86;5119.00
22.80;86;5120.00
22.80;86;5121.00
22.80;86;5122.00
22.80;86;5123.00
22.80;86;5124.00
22.80;86;5125.00
22.70;86;5126.00
22.70;86;5127.00
22.70;86;5128.00
22.70;86;5129.00
22.70;86;5130.00
22.70;86;5131.00
22.70;86;5132.00
22.70;86;5133.00
22.70;86;5134.00
22.70;86;5135.00
22.70;86;5136.00
22.70;86;5137.00
22.70;86;5138.00
22.70;86;5139.00
22.70;86;5140.00
22.70;86;5141.00
22.70;86;5142.00
22.70;86;5143.00
22.70;86;5144.00
22.70;86;5145.00
22.70;86;5146.00
22.70;86;5147.00
22.70;86;5148.00
22.70;86;5149.00
22.70;86;5150.00
22.70;86;5151.00
22.70;86;5152.00
22.70;86;5153.00
22.70;86;5154.00
22.70;86;5155.00
22.70;86;5156.00
22.70;86;5157.00
22.70;86;5158.00
22.70;86;5159.00
22.70;87;5160.00
22.70;87;5161.00
22.70;87;5162.00
22.70;87;5163.00
22.70;87;5164.00
22.70;87;5165.00
22.70;87;5166.00
22.70;87;5167.00
22.70;87;5168.00
22.70;87;5169.00
22.70;87;5170.00
22.70;87;5171.00
22.70;87;5172.00
22.70;87;5173.00
22.60;87;5174.00
22.60;87;5175.00
22.70;87;5176.00
22.70;87;5177.00
22.70;87;5178.00
22.70;87;5179.00
22.70;87;5180.00
22.70;87;5181.00
22.60;87;5182.00
22.60;87;5183.00
22.60;87;5184.00
22.60;87;5185.00
22.60;87;5186.00
22.60;87;5187.00
22.60;87;5188.00
22.60;87;5189.00
22.60;87;5190.00
22.60;87;5191.00
22.70;87;5192.00
22.70;87;5193.00
22.60;87;5194.00
22.60;87;5195.00
22.60;87;5196.00
22.60;87;5197.00
22.60;87;5198.00
22.60;87;5199.00
22.60;87;5200.00
22.60;87;5201.00
22.60;87;5202.00
22.60;87;5203.00
22.60;87;5204.00
22.60;87;5205.00
22.60;87;5206.00
22.60;87;5207.00
22.60;87;5208.00
22.60;87;5209.00
22.60;87;5210.00
22.60;87;5211.00
22.70;87;5212.00
22.70;87;5213.00
22.60;87;5214.00
22.60;87;5215.00
22.60;87;5216.00
22.60;87;5217.00
22.60;87;5218.00
22.60;87;5219.00
22.60;88;5220.00
22.60;88;5221.00
22.60;88;5222.00
22.60;88;5223.00
22.60;88;5224.00
22.60;88;5225.00
22.60;88;5226.00
22.60;88;5227.00
22.60;88;5228.00
22.60;88;5229.00
22.60;88;5230.00
22.60;88;5231.00
22.60;88;5232.00
22.60;88;5233.00
22.60;88;5234.00
22.60;88;5235.00
22.60;88;5236.00
22.60;88;5237.00
22.60;88;5238.00
22.60;88;5239.00
22.60;88;5240.00
22.60;88;5241.00
22.60;88;5242.00
22.60;88;5243.00
22.60;88;5244.00
22.60;88;5245.00
22.60;88;5246.00
22.60;88;5247.00
22.60;88;5248.00
22.60;88;5249.00
22.60;88;5250.00
22.60;88;5251.00
22.60;88;5252.00
22.60;88;5253.00
22.60;88;5254.00
22.60;88;5255.00
22.60;88;5256.00
22.60;88;5257.00
22.60;88;5258.00
22.60;88;5259.00
22.60;88;5260.00
22.60;88;5261.00
22.60;88;5262.00
22.60;88;5263.00
22.60;88;5264.00
22.60;88;5265.00
22.60;88;5266.00
22.60;88;5267.00
22.60;88;5268.00
22.60;88;5269.00
22.60;88;5270.00
22.60;88;5271.00
22.60;88;5272.00
22.60;88;5273.00
22.60;88;5274.00
22.60;88;5275.00
22.50;88;5276.00
22.50;88;5277.00
22.60;88;5278.00
22.60;88;5279.00
22.50;89;5280.00
22.50;89;5281.00
22.50;89;5282.00
22.50;89;5283.00
22.50;89;5284.00
22.50;89;5285.00
22.50;89;5286.00
22.50;89;5287.00
22.50;89;5288.00
22.50;89;5289.00
22.50;89;5290.00
22.50;89;5291.00
22.50;89;5292.00
22.50;89;5293.00
22.50;89;5294.00
22.50;89;5295.00
22.50;89;5296.00
22.50;89;5297.00
22.50;89;5298.00
22.50;89;5299.00
22.50;89;5300.00
22.50;89;5301.00
22.50;89;5302.00
22.50;89;5303.00
22.50;89;5304.00
22.50;89;5305.00
22.50;89;5306.00
22.50;89;5307.00
22.50;89;5308.00
22.50;89;5309.00
22.50;89;5310.00
22.50;89;5311.00
22.50;89;5312.00
22.50;89;5313.00
22.50;89;5314.00
22.50;89;5315.00
22.50;89;5316.00
22.50;89;5317.00
22.50;89;5318.00
22.50;89;5319.00
22.50;89;5320.00
22.50;89;5321.00
22.50;89;5322.00
22.50;89;5323.00
22.50;89;5324.00
22.50;89;5325.00
22.50;89;5326.00
22.50;89;5327.00
22.50;89;5328.00
22.50;89;5329.00
22.50;89;5330.00
22.50;89;5331.00
22.50;89;5332.00
22.50;89;5333.00
22.50;89;5334.00
22.50;89;5335.00
22.40;89;5336.00
22.40;89;5337.00
22.50;89;5338.00
22.50;89;5339.00
22.50;90;5340.00
22.50;90;5341.00
22.50;90;5342.00
22.50;90;5343.00
22.50;90;5344.00
22.50;90;5345.00
22.50;90;5346.00
22.50;90;5347.00
22.40;90;5348.00
22.40;90;5349.00
22.40;90;5350.00
22.40;90;5351.00
22.40;90;5352.00
22.40;90;5353.00
22.40;90;5354.00
22.40;90;5355.00
22.40;90;5356.00
22.40;90;5357.00
22.40;90;5358.00
22.40;90;5359.00
22.40;90;5360.00
22.40;90;5361.00
22.40;90;5362.00
22.40;90;5363.00
22.40;90;5364.00
22.40;90;5365.00
22.40;90;5366.00
22.40;90;5367.00
22.40;90;5368.00
22.40;90;5369.00
22.40;90;5370.00
22.40;90;5371.00
22.40;90;5372.00
22.40;90;5373.00
22.40;90;5374.00
22.40;90;5375.00
22.40;90;5376.00
22.40;90;5377.00
22.40;90;5378.00
22.40;90;5379.00
22.40;90;5380.00
22.40;90;5381.00
22.40;90;5382.00
22.40;90;5383.00
22.40;90;5384.00
22.40;90;5385.00
22.40;90;5386.00
22.40;90;5387.00
22.40;90;5388.00
22.40;90;5389.00
22.40;90;5390.00
22.40;90;5391.00
22.40;90;5392.00
22.40;90;5393.00
22.30;90;5394.00
22.30;90;5395.00
22.30;90;5396.00
22.30;90;5397.00
22.30;90;5398.00
22.30;90;5399.00
22.40;91;5400.00
22.40;91;5401.00
22.30;91;5402.00
22.30;91;5403.00
22.30;91;5404.00
22.30;91;5405.00
22.30;91;5406.00
22.30;91;5407.00
22.30;91;5408.00
22.30;91;5409.00
22.30;91;5410.00
22.30;91;5411.00
22.30;91;5412.00
22.30;91;5413.00
22.30;91;5414.00
22.30;91;5415.00
22.30;91;5416.00
22.30;91;5417.00
22.30;91;5418.00
22.30;91;5419.00
22.30;91;5420.00
22.30;91;5421.00
22.30;91;5422.00
22.30;91;5423.00
22.30;91;5424.00
22.30;91;5425.00
22.30;91;5426.00
22.30;91;5427.00
22.30;91;5428.00
22.30;91;5429.00
22.30;91;5430.00
22.30;91;5431.00
22.30;91;5432.00
22.30;91;5433.00
22.30;91;5434.00
22.30;91;5435.00
22.30;91;5436.00
22.30;91;5437.00
22.30;91;5438.00
22.30;91;5439.00
22.30;91;5440.00
22.30;91;5441.00
22.30;91;5442.00
22.30;91;5443.00
22.30;91;5444.00
22.30;91;5445.00
22.20;91;5446.00
22.20;91;5447.00
22.30;91;5448.00
22.30;91;5449.00
22.30;91;5450.00
22.30;91;5451.00
22.30;91;5452.00
22.30;91;5453.00
22.20;91;5454.00
22.20;91;5455.00
22.30;91;5456.00
22.30;91;5457.00
22.20;91;5458.00
22.20;91;5459.00
22.30;92;5460.00
22.30;92;5461.00
22.20;92;5462.00
22.20;92;5463.00
22.20;92;5464.00
22.20;92;5465.00
22.20;92;5466.00
22.20;92;5467.00
22.20;92;5468.00
22.20;92;5469.00
22.20;92;5470.00
22.20;92;5471.00
22.20;92;5472.00
22.20;92;5473.00
22.20;92;5474.00
22.20;92;5475.00
22.20;92;5476.00
22.20;92;5477.00
22.20;92;5478.00
22.20;92;5479.00
22.20;92;5480.00
22.20;92;5481.00
22.20;92;5482.00
22.20;92;5483.00
22.20;92;5484.00
22.20;92;5485.00
22.20;92;5486.00
22.20;92;5487.00
22.10;92;5488.00
22.10;92;5489.00
22.10;92;5490.00
22.10;92;5491.00
22.10;92;5492.00
22.10;92;5493.00
22.20;92;5494.00
22.20;92;5495.00
22.10;92;5496.00
22.10;92;5497.00
22.10;92;5498.00
22.10;92;5499.00
22.10;92;5500.00
22.10;92;5501.00
22.10;92;5502.00
22.10;92;5503.00
22.10;92;5504.00
22.10;92;5505.00
22.10;92;5506.00
22.10;92;5507.00
22.10;92;5508.00
22.10;92;5509.00
22.20;92;5510.00
22.20;92;5511.00
22.10;92;5512.00
22.10;92;5513.00
22.10;92;5514.00
22.10;92;5515.00
22.10;92;5516.00
22.10;92;5517.00
22.10;92;5518.00
22.10;92;5519.00
22.10;93;5520.00
22.10;93;5521.00
22.10;93;5522.00
22.10;93;5523.00
22.00;93;5524.00
22.00;93;5525.00
22.00;93;5526.00
22.00;93;5527.00
22.00;93;5528.00
22.00;93;5529.00
22.00;93;5530.00
22.00;93;5531.00
22.00;93;5532.00
22.00;93;5533.00
22.10;93;5534.00
22.10;93;5535.00
22.00;93;5536.00
22.00;93;5537.00
22.10;93;5538.00
22.10;93;5539.00
22.00;93;5540.00
22.00;93;5541.00
22.10;93;5542.00
22.10;93;5543.00
22.00;93;5544.00
22.00;93;5545.00
22.10;93;5546.00
22.10;93;5547.00
22.00;93;5548.00
22.00;93;5549.00
22.10;93;5550.00
22.10;93;5551.00
22.10;93;5552.00
22.10;93;5553.00
22.10;93;5554.00
22.10;93;5555.00
22.10;93;5556.00
22.10;93;5557.00
22.00;93;5558.00
22.00;93;5559.00
22.00;93;5560.00
22.00;93;5561.00
22.00;93;5562.00
22.00;93;5563.00
22.00;93;5564.00
22.00;93;5565.00
21.90;93;5566.00
21.90;93;5567.00
22.00;93;5568.00
22.00;93;5569.00
22.00;93;5570.00
22.00;93;5571.00
21.90;93;5572.00
21.90;93;5573.00
21.90;93;5574.00
21.90;93;5575.00
22.00;93;5576.00
22.00;93;5577.00
22.00;93;5578.00
22.00;93;5579.00
22.00;94;5580.00
22.00;94;5581.00
22.00;94;5582.00
22.00;94;5583.00
21.90;94;5584.00
21.90;94;5585.00
21.90;94;5586.00
21.90;94;5587.00
21.90;94;5588.00
21.90;94;5589.00
21.90;94;5590.00
21.90;94;5591.00
21.90;94;5592.00
21.90;94;5593.00
21.90;94;5594.00
21.90;94;5595.00
21.90;94;5596.00
21.90;94;5597.00
21.90;94;5598.00
21.90;94;5599.00
21.90;94;5600.00
21.90;94;5601.00
21.90;94;5602.00
21.90;94;5603.00
21.90;94;5604.00
21.90;94;5605.00
21.90;94;5606.00
21.90;94;5607.00
21.90;94;5608.00
21.90;94;5609.00
21.90;94;5610.00
21.90;94;5611.00
21.90;94;5612.00
21.90;94;5613.00
21.80;94;5614.00
21.80;94;5615.00
21.90;94;5616.00
21.90;94;5617.00
21.90;94;5618.00
21.90;94;5619.00
21.80;94;5620.00
21.80;94;5621.00
21.90;94;5622.00
21.90;94;5623.00
21.90;94;5624.00
21.90;94;5625.00
21.80;94;5626.00
21.80;94;5627.00
21.80;94;5628.00
21.80;94;5629.00
21.80;94;5630.00
21.80;94;5631.00
21.80;94;5632.00
21.80;94;5633.00
21.80;94;5634.00
21.80;94;5635.00
21.80;94;5636.00
21.80;94;5637.00
21.80;94;5638.00
21.80;94;5639.00
21.80;95;5640.00
21.80;95;5641.00
21.80;95;5642.00
21.80;95;5643.00
21.80;95;5644.00
21.80;95;5645.00
21.80;95;5646.00
21.80;95;5647.00
21.80;95;5648.00
21.80;95;5649.00
21.80;95;5650.00
21.80;95;5651.00
21.80;95;5652.00
21.80;95;5653.00
21.80;95;5654.00
21.80;95;5655.00
21.80;95;5656.00
21.80;95;5657.00
21.80;95;5658.00
21.80;95;5659.00
21.80;95;5660.00
21.80;95;5661.00
21.80;95;5662.00
21.80;95;5663.00
21.80;95;5664.00
21.80;95;5665.00
21.80;95;5666.00
21.80;95;5667.00
21.80;95;5668.00
21.80;95;5669.00
21.80;95;5670.00
21.80;95;5671.00
21.80;95;5672.00
21.80;95;5673.00
21.80;95;5674.00
21.80;95;5675.00
21.80;95;5676.00
21.80;95;5677.00
21.80;95;5678.00
21.80;95;5679.00
21.80;95;5680.00
21.80;95;5681.00
21.80;95;5682.00
21.80;95;5683.00
21.70;95;5684.00
21.70;95;5685.00
21.70;95;5686.00
21.70;95;5687.00
21.70;95;5688.00
21.70;95;5689.00
21.70;95;5690.00
21.70;95;5691.00
21.70;95;5692.00
21.70;95;5693.00
21.70;95;5694.00
21.70;95;5695.00
21.70;95;5696.00
21.70;95;5697.00
21.70;95;5698.00
21.70;95;5699.00
21.70;96;5700.00
21.70;96;5701.00
21.70;96;5702.00
21.70;96;5703.00
21.70;96;5704.00
21.70;96;5705.00
21.70;96;5706.00
21.70;96;5707.00
21.70;96;5708.00
21.70;96;5709.00
21.60;96;5710.00
21.60;96;5711.00
21.70;96;5712.00
21.70;96;5713.00
21.70;96;5714.00
21.70;96;5715.00
21.60;96;5716.00
21.60;96;5717.00
21.70;96;5718.00
21.70;96;5719.00
21.60;96;5720.00
21.60;96;5721.00
21.60;96;5722.00
21.60;96;5723.00
21.60;96;5724.00
21.60;96;5725.00
21.60;96;5726.00
21.60;96;5727.00
21.60;96;5728.00
21.60;96;5729.00
21.60;96;5730.00
21.60;96;5731.00
21.60;96;5732.00
21.60;96;5733.00
21.60;96;5734.00
21.60;96;5735.00
21.60;96;5736.00
21.60;96;5737.00
21.60;96;5738.00
21.60;96;5739.00
21.60;96;5740.00
21.60;96;5741.00
21.60;96;5742.00
21.60;96;5743.00
21.50;96;5744.00
21.50;96;5745.00
21.60;96;5746.00
21.60;96;5747.00
21.60;96;5748.00
21.60;96;5749.00
21.50;96;5750.00
21.50;96;5751.00
21.60;96;5752.00
21.60;96;5753.00
21.50;96;5754.00
21.50;96;5755.00
21.50;96;5756.00
21.50;96;5757.00
21.50;96;5758.00
21.50;96;5759.00
21.50;97;5760.00
21.50;97;5761.00
21.50;97;5762.00
21.50;97;5763.00
21.50;97;5764.00
21.50;97;5765.00
21.50;97;5766.00
21.50;97;5767.00
21.50;97;5768.00
21.50;97;5769.00
21.50;97;5770.00
21.50;97;5771.00
21.50;97;5772.00
21.50;97;5773.00
21.50;97;5774.00
21.50;97;5775.00
21.50;97;5776.00
21.50;97;5777.00
21.50;97;5778.00
21.50;97;5779.00
21.50;97;5780.00
21.50;97;5781.00
21.50;97;5782.00
21.50;97;5783.00
21.50;97;5784.00
21.50;97;5785.00
21.50;97;5786.00
21.50;97;5787.00
21.50;97;5788.00
21.50;97;5789.00
21.40;97;5790.00
21.40;97;5791.00
21.40;97;5792.00
21.40;97;5793.00
21.40;97;5794.00
21.40;97;5795.00
21.40;97;5796.00
21.40;97;5797.00
21.40;97;5798.00
21.40;97;5799.00
21.40;97;5800.00
21.40;97;5801.00
21.40;97;5802.00
21.40;97;5803.00
21.40;97;5804.00
21.40;97;5805.00
21.40;97;5806.00
21.40;97;5807.00
21.40;97;5808.00
21.40;97;5809.00
21.40;97;5810.00
21.40;97;5811.00
21.50;97;5812.00
21.50;97;5813.00
21.40;97;5814.00
21.40;97;5815.00
21.40;97;5816.00
21.40;97;5817.00
21.40;97;5818.00
21.40;97;5819.00
21.40;98;5820.00
21.40;98;5821.00
21.40;98;5822.00
21.40;98;5823.00
21.40;98;5824.00
21.40;98;5825.00
21.40;98;5826.00
21.40;98;5827.00
21.40;98;5828.00
21.40;98;5829.00
21.40;98;5830.00
21.40;98;5831.00
21.40;98;5832.00
21.40;98;5833.00
21.40;98;5834.00
21.40;98;5835.00
21.40;98;5836.00
21.40;98;5837.00
21.40;98;5838.00
21.40;98;5839.00
21.40;98;5840.00
21.40;98;5841.00
21.40;98;5842.00
21.40;98;5843.00
21.40;98;5844.00
21.40;98;5845.00
21.30;98;5846.00
21.30;98;5847.00
21.30;98;5848.00
21.30;98;5849.00
21.30;98;5850.00
21.30;98;5851.00
21.30;98;5852.00
21.30;98;5853.00
21.30;98;5854.00
21.30;98;5855.00
21.30;98;5856.00
21.30;98;5857.00
21.30;98;5858.00
21.30;98;5859.00
21.30;98;5860.00
21.30;98;5861.00
21.30;98;5862.00
21.30;98;5863.00
21.30;98;5864.00
21.30;98;5865.00
21.30;98;5866.00
21.30;98;5867.00
21.30;98;5868.00
21.30;98;5869.00
21.30;98;5870.00
21.30;98;5871.00
21.30;98;5872.00
21.30;98;5873.00
21.30;98;5874.00
21.30;98;5875.00
21.30;98;5876.00
21.30;98;5877.00
21.30;98;5878.00
21.30;98;5879.00
21.30;99;5880.00
21.30;99;5881.00
21.30;99;5882.00
21.30;99;5883.00
21.30;99;5884.00
21.30;99;5885.00
21.30;99;5886.00
21.30;99;5887.00
21.30;99;5888.00
21.30;99;5889.00
21.30;99;5890.00
21.30;99;5891.00
21.30;99;5892.00
21.30;99;5893.00
21.30;99;5894.00
21.30;99;5895.00
21.30;99;5896.00
21.30;99;5897.00
21.30;99;5898.00
21.30;99;5899.00
21.30;99;5900.00
21.30;99;5901.00
21.30;99;5902.00
21.30;99;5903.00
21.30;99;5904.00
21.30;99;5905.00
21.30;99;5906.00
21.30;99;5907.00
21.20;99;5908.00
21.20;99;5909.00
21.20;99;5910.00
21.20;99;5911.00
21.20;99;5912.00
21.20;99;5913.00
21.20;99;5914.00
21.20;99;5915.00
21.20;99;5916.00
21.20;99;5917.00
21.20;99;5918.00
21.20;99;5919.00
21.20;99;5920.00
21.20;99;5921.00
21.20;99;5922.00
21.20;99;5923.00
21.20;99;5924.00
21.20;99;5925.00
21.20;99;5926.00
21.20;99;5927.00
21.20;99;5928.00
21.20;99;5929.00
21.20;99;5930.00
21.20;99;5931.00
21.20;99;5932.00
21.20;99;5933.00
21.20;99;5934.00
21.20;99;5935.00
21.20;99;5936.00
21.20;99;5937.00
21.20;99;5938.00
21.20;99;5939.00
21.20;99;5940.00
21.20;99;5941.00
21.20;99;5942.00
21.20;99;5943.00
21.20;99;5944.00
21.20;99;5945.00
21.20;99;5946.00
21.20;99;5947.00
21.10;99;5948.00
21.10;99;5949.00
21.20;99;5950.00
21.20;99;5951.00
21.10;99;5952.00
21.10;99;5953.00
21.10;99;5954.00
21.10;99;5955.00
21.10;99;5956.00
21.10;99;5957.00
21.10;99;5958.00
21.10;99;5959.00
21.10;99;5960.00
21.10;99;5961.00
21.10;99;5962.00
21.10;99;5963.00
21.10;99;5964.00
21.10;99;5965.00
21.10;99;5966.00
21.10;99;5967.00
21.10;99;5968.00
21.10;99;5969.00
21.10;99;5970.00
21.10;99;5971.00
21.10;99;5972.00
21.10;99;5973.00
21.10;99;5974.00
21.10;99;5975.00
21.10;99;5976.00
21.10;99;5977.00
21.10;99;5978.00
21.10;99;5979.00
21.10;99;5980.00
21.10;99;5981.00
21.10;99;5982.00
21.10;99;5983.00
21.10;99;5984.00
21.10;99;5985.00
21.10;99;5986.00
21.10;99;5987.00
21.10;99;5988.00
21.10;99;5989.00
